Uuid,Void/Retire,Short name:en,Fully specified name:en,Description:en,Data class,Data type,_order:900
,,CAPSULE,JIB Capsule,,Misc,Text,
,,TABLET,JIB Tablet,,Misc,Text,
,,CUTANEOUS SOLUTION,JIB Cutaneous Solution,,Misc,Text,
,,ORAL LIQUID,JIB Oral Liquid,,Misc,Text,
,,OIL,JIB Oil,,Misc,Text,
,,LOTION,JIB Lotion,,Misc,Text,
,,FILM-COATED TABLET,JIB Film-Coated Tablet,,Misc,Text,
,,CONCENTRATE AND SOLVENT FOR SOLUTION FOR INFUSION,JIB Concentrate And Solvent For Solution For Infusion,,Misc,Text,
,,POWDER AND SOLVENT FOR SOLUTION FOR INJECTION/INFUSION,JIB Powder And Solvent For Solution For Injection/Infusion,,Misc,Text,
,,SOLUTION FOR INJECTION/INFUSION,JIB Solution For Injection/Infusion,,Misc,Text,
,,POWDER FOR SOLUTION FOR INFUSION,JIB Powder For Solution For Infusion,,Misc,Text,
,,POWDER AND SOLVENT FOR SOLUTION FOR INJECTION,JIB Powder And Solvent For Solution For Injection,,Misc,Text,
,,SOLUTION FOR INJECTION,JIB Solution For Injection,,Misc,Text,
,,VAGINAL TABLET,JIB Vaginal Tablet,,Misc,Text,
,,CONCENTRATE FOR SOLUTION FOR INFUSION,JIB Concentrate For Solution For Infusion,,Misc,Text,
,,NASAL GEL,JIB Nasal Gel,,Misc,Text,
,,NASAL DROPS,JIB Nasal Drops,,Misc,Text,
,,NASAL SPRAY,JIB Nasal Spray,,Misc,Text,
,,ENTERIC-COATED TABLET,JIB Enteric-Coated Tablet,,Misc,Text,
,,CHEWABLE TABLET,JIB Chewable Tablet,,Misc,Text,
,,CREAM,JIB Cream,,Misc,Text,
,,SUPPOSITORY,JIB Suppository,,Misc,Text,
,,SYRUP,JIB Syrup,,Misc,Text,
,,SUGAR-COATED TABLET,JIB Sugar-Coated Tablet,,Misc,Text,
,,POWDER FOR SOLUTION FOR INJECTION,JIB Powder For Solution For Injection,,Misc,Text,
,,POWDER FOR INJECTION,JIB Powder For Injection,,Misc,Text,
,,SOLUTION FOR INFUSION,JIB Solution For Infusion,,Misc,Text,
,,GRANULES FOR ORAL SUSPENSION,JIB Granules For Oral Suspension,,Misc,Text,
,,COATED TABLET,JIB Coated Tablet,,Misc,Text,
,,POWDER FOR ORAL SUSPENSION,JIB Powder For Oral Suspension,,Misc,Text,
,,ORAL SUSPENSION,JIB Oral Suspension,,Misc,Text,
,,GEL,JIB Gel,,Misc,Text,
,,EMULSION FOR INJECTION/INFUSION,JIB Emulsion For Injection/Infusion,,Misc,Text,
,,"PRESSURISED INHALATION, SOLUTION","JIB Pressurised Inhalation, Solution",,Misc,Text,
,,ORAL SOLUTION,JIB Oral Solution,,Misc,Text,
,,ORAL DROPS,JIB Oral Drops,,Misc,Text,
,,INHALATION SOLUTION,JIB Inhalation Solution,,Misc,Text,
,,ORAL GEL,JIB Oral Gel,,Misc,Text,
,,VAGINAL CREAM,JIB Vaginal Cream,,Misc,Text,
,,VAGINAL CAPSULE,JIB Vaginal Capsule,,Misc,Text,
,,OINTMENT,JIB Ointment,,Misc,Text,
,,SUSPENSION FOR INJECTION,JIB Suspension For Injection,,Misc,Text,
,,EYE DROPS,JIB Eye Drops,,Misc,Text,
,,DENTAL PASTE,JIB Dental Paste,,Misc,Text,
,,MODIFIED-RELEASE TABLET,JIB Modified-Release Tablet,,Misc,Text,
,,OROMUCOSAL SOLUTION,JIB Oromucosal Solution,,Misc,Text,
,,OROMUCOSAL SPRAY,JIB Oromucosal Spray,,Misc,Text,
,,LOZENGES,JIB Lozenges,,Misc,Text,
,,TRANSDERMAL PATCH,JIB Transdermal Patch,,Misc,Text,
,,PROLONGED-RELEASE TABLET,JIB Prolonged-Release Tablet,,Misc,Text,
,,EAR/EYE DROPS,JIB Ear/Eye Drops,,Misc,Text,
,,EYE GEL,JIB Eye Gel,,Misc,Text,
,,EYE OINTMENT,JIB Eye Ointment,,Misc,Text,
,,EYE LOTION,JIB Eye Lotion,,Misc,Text,
,,CUTANEOUS POWDER,JIB Cutaneous Powder,,Misc,Text,
,,EAR DROPS,JIB Ear Drops,,Misc,Text,
,,GASTRO-RESISTANT TABLET,JIB Gastro-Resistant Tablet,,Misc,Text,
,,ELIXIR,JIB Elixir,,Misc,Text,
,,EFFERVESCENT GRANULES,JIB Effervescent Granules,,Misc,Text,
,,GRANULES,JIB Granules,,Misc,Text,
,,CRYSTAL,JIB Crystal,,Misc,Text,
,,POWDER AND SOLVENT FOR SOLUTION FOR INFUSION,JIB Powder And Solvent For Solution For Infusion,,Misc,Text,
,,CUTANEOUS SPRAY,JIB Cutaneous Spray,,Misc,Text,
,,SUSTAINED-RELEASE TABLET,JIB Sustained-Release Tablet,,Misc,Text,
,,GARGLE/MOUTH WASH,JIB Gargle/Mouth Wash,,Misc,Text,
,,EAR/EYE/NOSE DROPS,JIB Ear/Eye/Nose Drops,,Misc,Text,
,,IRRIGATION SOLUTION,JIB Irrigation Solution,,Misc,Text,
,,NEBULISER SOLUTION,JIB Nebuliser Solution,,Misc,Text,
,,POWDER AND SOLVENT FOR PROLONGED-RELEASE SUSPENSION FOR INJECTION,JIB Powder And Solvent For Prolonged-Release Suspension For Injection,,Misc,Text,
,,INHALATION POWDER,JIB Inhalation Powder,,Misc,Text,
,,DISPERSIBLE TABLET,JIB Dispersible Tablet,,Misc,Text,
,,EFFERVESCENT TABLET,JIB Effervescent Tablet,,Misc,Text,
,,OVULES,JIB Ovules,,Misc,Text,
,,SOLUTION FOR INJECTION IN PRE-FILLED SYRINGE,JIB Solution For Injection In Pre-Filled Syringe,,Misc,Text,
,,DENTAL GEL,JIB Dental Gel,,Misc,Text,
,,PROLONGED-RELEASE CAPSULE,JIB Prolonged-Release Capsule,,Misc,Text,
,,VAGINAL GEL,JIB Vaginal Gel,,Misc,Text,
,,POWDER FOR SOLUTION FOR INJECTION OR INFUSION,JIB Powder For Solution For Injection Or Infusion,,Misc,Text,
,,CAPLETS,JIB Caplets,,Misc,Text,
,,NEBULISER SUSPENSION,JIB Nebuliser Suspension,,Misc,Text,
,,IMPLANT,JIB Implant,,Misc,Text,
,,SOLVENT FOR PARENTERAL USE,JIB Solvent For Parenteral Use,,Misc,Text,
,,POWDER FOR ORAL SOLUTION,JIB Powder For Oral Solution,,Misc,Text,
,,SHAMPOO,JIB Shampoo,,Misc,Text,
,,SUSPENSION FOR INJECTION IN PRE-FILLED SYRINGE,JIB Suspension For Injection In Pre-Filled Syringe,,Misc,Text,
,,POWDER FOR SOLUTION FOR INJECTION ,JIB Powder For Solution For Injection ,,Misc,Text,
,,GASTRO-RESISTANT CAPSULE,JIB Gastro-Resistant Capsule,,Misc,Text,
,,POWDER AND SOLVENT FOR SUSPENSION FOR INJECTION,JIB Powder And Solvent For Suspension For Injection,,Misc,Text,
,,"PRESSURISED INHALATION, SUSPENSION","JIB Pressurised Inhalation, Suspension",,Misc,Text,
,,EMULGEL,JIB Emulgel,,Misc,Text,
,,MEDICATED NAIL LACQUER,JIB Medicated Nail Lacquer,,Misc,Text,
,,POWDER FOR CONCENTRATE FOR SOLUTION FOR INFUSION,JIB Powder For Concentrate For Solution For Infusion,,Misc,Text,
,,MEDICATED CHEWING-GUM,JIB Medicated Chewing-Gum,,Misc,Text,
,,"INHALATION POWDER, PRE-DISPENSED","JIB Inhalation Powder, Pre-Dispensed",,Misc,Text,
,,NASAL OINTMENT,JIB Nasal Ointment,,Misc,Text,
,,INTRAUTERINE DELIVERY SYSTEM,JIB Intrauterine Delivery System,,Misc,Text,
,,RECTAL SUSPENSION,JIB Rectal Suspension,,Misc,Text,
,,PESSARY,JIB Pessary,,Misc,Text,
,,EXTENDED-RELEASE TABLET,JIB Extended-Release Tablet,,Misc,Text,
,,ENEMA,JIB Enema,,Misc,Text,
,,SUSTAINED-RELEASE CAPSULE,JIB Sustained-Release Capsule,,Misc,Text,
,,"INHALATION POWDER, HARD CAPSULE","JIB Inhalation Powder, Hard Capsule",,Misc,Text,
,,SUSPENSION FOR INJECTION IN CARTRIDGE,JIB Suspension For Injection In Cartridge,,Misc,Text,
,,SOLUTION FOR INJECTION IN CARTRIDGE,JIB Solution For Injection In Cartridge,,Misc,Text,
,,VAGINAL DELIVERY SYSTEM,JIB Vaginal Delivery System,,Misc,Text,
,,SUSPENSION FOR INJECTION IN PRE-FILLED PEN,JIB Suspension For Injection In Pre-Filled Pen,,Misc,Text,
,,SOLUTION FOR INJECTION IN PRE-FILLED PEN,JIB Solution For Injection In Pre-Filled Pen,,Misc,Text,
,,SOFTGEL,JIB Softgel,,Misc,Text,
,,ORODISPERSIBLE TABLET,JIB Orodispersible Tablet,,Misc,Text,
,,POWDER AND SUSPENSION FOR SUSPENSION FOR INJECTION,JIB Powder And Suspension For Suspension For Injection,,Misc,Text,
,,GRANULES FOR ORAL SOLUTION,JIB Granules For Oral Solution,,Misc,Text,
,,VAGINAL SOLUTION,JIB Vaginal Solution,,Misc,Text,
,,PRESSURISED INHALATION,JIB Pressurised Inhalation,,Misc,Text,
,,CUTANEOUS PATCH,JIB Cutaneous Patch,,Misc,Text,
,,SPRINKLE CAPSULE,JIB Sprinkle Capsule,,Misc,Text,
,,GRANULES FOR VAGINAL SOLUTION,JIB Granules For Vaginal Solution,,Misc,Text,
,,GASTRO-RESISTANT GRANULES,JIB Gastro-Resistant Granules,,Misc,Text,
,,BATH ADDITIVE,JIB Bath Additive,,Misc,Text,
,,CONCENTRATE FOR SUSPENSION FOR INFUSION,JIB Concentrate For Suspension For Infusion,,Misc,Text,
,,PROLONGED-RELEASE GRANULES,JIB Prolonged-Release Granules,,Misc,Text,
,,SUBLINGUAL TABLET,JIB Sublingual Tablet,,Misc,Text,
,,CONTROLLED-RELEASE TABLET,JIB Controlled-Release Tablet,,Misc,Text,
,,SOLUTION FOR PERITONEAL DIALYSIS,JIB Solution For Peritoneal Dialysis,,Misc,Text,
,,DELAYED-RELEASE CAPSULE,JIB Delayed-Release Capsule,,Misc,Text,
,,CUTANEOUS EMULSION ,JIB Cutaneous Emulsion ,,Misc,Text,
,,POWDER FOR ORAL SOLUTION ,JIB Powder For Oral Solution ,,Misc,Text,
,,EMULSION FOR INFUSION,JIB Emulsion For Infusion,,Misc,Text,
,,POWDER FOR SUSPENSION FOR INJECTION,JIB Powder For Suspension For Injection,,Misc,Text,
,,SOLUTION FOR HAEMODIALYSIS/HAEMOFILTRATION,JIB Solution For Haemodialysis/Haemofiltration,,Misc,Text,
,,POWDER FOR ORAL/RECTAL SUSPENSION,JIB Powder For Oral/Rectal Suspension,,Misc,Text,
,,SOLUTION FOR INFUSION ,JIB Solution For Infusion ,,Misc,Text,
,,SOLUTION FOR INJECTION ,JIB Solution For Injection ,,Misc,Text,
,,DELAYED-RELEASE TABLET,JIB Delayed-Release Tablet,,Misc,Text,
,,,Vit A,VIT A,Drug,Text,
,,,Vitamin A+D (Arnet) Ingredients,VIT A 10000IU + VIT D 400MG,Drug,Text,
,,,Therra-Vite Ingredients,ASCORBIC ACID 200MG + COLECALCIFEROL 400IU + COPPER SULFATE 2MG + CYANOCOBALAMIN 5MCG,Drug,Text,
,,,Iodine Tincture Ingredients,IODINE + POTASSIUM IODIDE,Drug,Text,
,,,Methyl Salicylate ,METHYL SALICYLATE ,Drug,Text,
,,,Paraffin Liquid,PARAFFIN LIQUID,Drug,Text,
,,,Eucalyptus Oil,EUCALYPTUS OIL,Drug,Text,
,,,Calamine Lotion Ingredients,CALAMINE + ZINC OXIDE,Drug,Text,
,,,Linagliptin,LINAGLIPTIN,Drug,Text,
,,,Cabazitaxel,CABAZITAXEL,Drug,Text,
,,,Alteplase,ALTEPLASE,Drug,Text,
,,,Minoxidil,MINOXIDIL,Drug,Text,
,,,Tramadol HCl,TRAMADOL HCL,Drug,Text,
,,,Isotretinoin,ISOTRETINOIN,Drug,Text,
,,,Tienam Ingredients,IMIPENEM MONOHYDRATE + CILASTATIN SODIUM,Drug,Text,
,,,Flumazenil,FLUMAZENIL,Drug,Text,
,,,Cefotaxime Sodium,CEFOTAXIME SODIUM,Drug,Text,
,,,Midazolam,MIDAZOLAM,Drug,Text,
,,,Zidovudine,ZIDOVUDINE,Drug,Text,
,,,Clotrimazole,CLOTRIMAZOLE,Drug,Text,
,,,Simvastatin,SIMVASTATIN,Drug,Text,
,,,Amitriptyline HCl,AMITRIPTYLINE HCL,Drug,Text,
,,,Medroxyprogesterone Acetate,MEDROXYPROGESTERONE ACETATE,Drug,Text,
,,,Oxytocin,OXYTOCIN,Drug,Text,
,,,Methylergometrine Maleate,METHYLERGOMETRINE MALEATE,Drug,Text,
,,,Dydrogesterone,DYDROGESTERONE,Drug,Text,
,,,Alprazolam,ALPRAZOLAM,Drug,Text,
,,,Dimetindene Maleate + Phenylephrine HCl,DIMETINDENE MALEATE + PHENYLEPHRINE HCL,Drug,Text,
,,,Dimetindene Maleate + Neomycin Sulfate + Phenylephrine HCl,DIMETINDENE MALEATE + NEOMYCIN SULFATE + PHENYLEPHRINE HCL,Drug,Text,
,,,Diclofenac Sodium,DICLOFENAC SODIUM,Drug,Text,
,,,Simethicone,SIMETHICONE,Drug,Text,
,,,Ibuprofen,IBUPROFEN,Drug,Text,
,,,Silver Sulfadiazine,SILVER SULFADIAZINE,Drug,Text,
,,,Indometacin,INDOMETACIN,Drug,Text,
,,,Paracetamol,PARACETAMOL,Drug,Text,
,,,Loratadine,LORATADINE,Drug,Text,
,,,Chlorpheniramine Maleate,CHLORPHENIRAMINE MALEATE,Drug,Text,
,,,Flukit Ingredients,PARACETAMOL + CHLORPHENIRAMINE MALEATE + PSEUDOEPHEDRINE,Drug,Text,
,,,Amoxicillin,AMOXICILLIN,Drug,Text,
,,,Cyproheptadine,CYPROHEPTADINE,Drug,Text,
,,,Diclofenac Potassium,DICLOFENAC POTASSIUM,Drug,Text,
,,,Ceftriaxone Sodium,CEFTRIAXONE SODIUM,Drug,Text,
,,,Eucarbon Ingredients,ACTIVATED CHARCOAL 180MG + SENNAE FOLIUM 105MG + RHEI RADIX (EXTRACT) 25MG + SULFUR 50MG,Drug,Text,
,,,Ceftizoxime Sodium,CEFTIZOXIME SODIUM,Drug,Text,
,,,Ciprofloxacin,CIPROFLOXACIN,Drug,Text,
,,,Cilazapril,CILAZAPRIL,Drug,Text,
,,,Norfloxacin,NORFLOXACIN,Drug,Text,
,,,Lincomycin HCl,LINCOMYCIN HCL,Drug,Text,
,,,Clindamycin,CLINDAMYCIN,Drug,Text,
,,,Clindamycin Phosphate,CLINDAMYCIN PHOSPHATE,Drug,Text,
,,,Tianeptine Sodium,TIANEPTINE SODIUM,Drug,Text,
,,,Migranerton Ingredients,PARACETAMOL + METOCLOPRAMIDE HCL,Drug,Text,
,,,Muscadol Ingredients,ORPHENADRINE CITRATE + PARACETAMOL,Drug,Text,
,,,Cefalexin Monohydrate,CEFALEXIN MONOHYDRATE,Drug,Text,
,,,Trimol Ingredients,SULFAMETHOXAZOLE + TRIMETHOPRIM,Drug,Text,
,,,Suxamethonium,SUXAMETHONIUM,Drug,Text,
,,,Atracurium Besylate,ATRACURIUM BESYLATE,Drug,Text,
,,,Septrin Ingredients,SULFAMETHOXAZOLE + TRIMETHOPRIM,Drug,Text,
,,,Septrin Ds Ingredients,SULFAMETHOXAZOLE + TRIMETHOPRIM,Drug,Text,
,,,Septrin Paediatric Ingredients,SULFAMETHOXAZOLE + TRIMETHOPRIM,Drug,Text,
,,,Balkatrin Ingredients,SULFAMETHOXAZOLE + TRIMETHOPRIM,Drug,Text,
,,,Orcinol Ingredients,AMMONIUM CHLORIDE + CLOBUTINOL HCL + ORCIPRENALINE SULFATE,Drug,Text,
,,,Bromhexine HCl,BROMHEXINE HCL,Drug,Text,
,,,Codaphed Ingredients,CHLORPHENIRAMINE MALEATE + CODEINE PHOSPHATE + EPHEDRINE HCL,Drug,Text,
,,,Propofol,PROPOFOL,Drug,Text,
,,,Oxomemazine,OXOMEMAZINE,Drug,Text,
,,,Broncholar Ingredients,CHLORPHENIRAMINE MALEATE + DEXTROAMPHETAMINE + EPHEDRINE HCL + GUAIPHENESIN,Drug,Text,
,,,Atenolol,ATENOLOL,Drug,Text,
,,,Carbocisteine,CARBOCISTEINE,Drug,Text,
,,,Rhinathiol Promethazine Ingredients,PROMETHAZINE HCL + CARBOCISTEINE,Drug,Text,
,,,Guaifenesin,GUAIFENESIN,Drug,Text,
,,,Ambroxol HCl,AMBROXOL HCL,Drug,Text,
,,,Ranitidine HCl,RANITIDINE HCL,Drug,Text,
,,,Cefixime,CEFIXIME,Drug,Text,
,,,Soolan Ingredients,CHLORPHENIRAMINE MALEATE + GUAIFENESIN + PHENYLEPHRINE HCL,Drug,Text,
,,,Amydramin Expectorant Ingredients,DIPHENHYDRAMINE HCL + AMMONIUM CHLORIDE + SODIUM CITRATE + MENTHOL,Drug,Text,
,,,Ipratropium Bromide,IPRATROPIUM BROMIDE,Drug,Text,
,,,Marvelon Ingredients,DESOGESTREL + ETHINYLESTRADIOL,Drug,Text,
,,,Dinoprostone,DINOPROSTONE,Drug,Text,
,,,Acyclovir,ACYCLOVIR,Drug,Text,
,,,Actifed Ingredients,TRIPROLIDINE HCL + PSEUDOEPHEDRINE HCL,Drug,Text,
,,,Actifed Dm Ingredients,TRIPROLIDINE HCL + PSEUDOEPHEDRINE HCL + DEXTROMETHORPHAN HYDROBROMIDE,Drug,Text,
,,,Actifed Expectorant Ingredients,TRIPROLIDINE HCL + PSEUDOEPHEDRINE HCL + GUAIFENESIN,Drug,Text,
,,,Omeprazole,OMEPRAZOLE,Drug,Text,
,,,Gynera Ingredients,ETHINYLESTRADIOL + GESTODENE,Drug,Text,
,,,Cefuroxime Sodium,CEFUROXIME SODIUM,Drug,Text,
,,,Butamirate Citrate,BUTAMIRATE CITRATE,Drug,Text,
,,,Salbutamol Sulfate,SALBUTAMOL SULFATE,Drug,Text,
,,,Cefuroxime Axetil,CEFUROXIME AXETIL,Drug,Text,
,,,Mequitazine,MEQUITAZINE,Drug,Text,
,,,Thyme Fluid-Extract,THYME FLUID-EXTRACT,Drug,Text,
,,,Daktacort Ingredients,MICONAZOLE NITRATE + HYDROCORTISONE ACETATE,Drug,Text,
,,,Miconazole Nitrate,MICONAZOLE NITRATE,Drug,Text,
,,,Miconazole,MICONAZOLE,Drug,Text,
,,,Bronchicum Elixir S Ingredients,PRIMULA ROOT LIQUID EXTRACT + THYME FLUID EXTRACT,Drug,Text,
,,,Lotriderm Ingredients,BETAMETHASONE + CLOTRIMAZOLE,Drug,Text,
,,,Ketotifen,KETOTIFEN,Drug,Text,
,,,Bactrim Ingredients,SULFAMETHOXAZOLE + TRIMETHOPRIM,Drug,Text,
,,,Standarized Lyophilized Bacterial Lysates,STANDARIZED LYOPHILIZED BACTERIAL LYSATES,Drug,Text,
,,,Clobetasol Propionate,CLOBETASOL PROPIONATE,Drug,Text,
,,,Crotamiton,CROTAMITON,Drug,Text,
,,,Betamethasone Dipropionate,BETAMETHASONE DIPROPIONATE,Drug,Text,
,,,Phospholipids,PHOSPHOLIPIDS,Drug,Text,
,,,Betamethasone,BETAMETHASONE,Drug,Text,
,,,Itraconazole,ITRACONAZOLE,Drug,Text,
,,,Tibolone,TIBOLONE,Drug,Text,
,,,Calcipotriol,CALCIPOTRIOL,Drug,Text,
,,,Betamethasone Valerate,BETAMETHASONE VALERATE,Drug,Text,
,,,Diprosalic Ingredients,BETAMETHASONE DIPROPIONATE + SALICYLIC ACID,Drug,Text,
,,,Buserelin Acetate,BUSERELIN ACETATE,Drug,Text,
,,,Sumatriptan Succinate,SUMATRIPTAN SUCCINATE,Drug,Text,
,,,Mupirocin,MUPIROCIN,Drug,Text,
,,,Betaxolol HCl,BETAXOLOL HCL,Drug,Text,
,,,Flu-Kit Ingredients,PARACETAMOL + PHENYLEPHRINE HCL + PROMETHAZINE HCL + SALICYLAMIDE,Drug,Text,
,,,Cimetidine,CIMETIDINE,Drug,Text,
,,,"Dried, Protein-Free, Chemically And Biologically Standardized Dialysate From Calve'S Blood","DRIED, PROTEIN-FREE, CHEMICALLY AND BIOLOGICALLY STANDARDIZED DIALYSATE FROM CALVE'S BLOOD",Drug,Text,
,,,Solcoseryl Dental Adhesive Paste Ingredients,"DRIED, PROTEIN-FREE, CHEMICALLY AND BIOLOGICALLY STANDARDIZED DIALYSATE FROM CALVE'S BLOOD + POLIDOCANOL",Drug,Text,
,,,Gentamicin Sulfate,GENTAMICIN SULFATE,Drug,Text,
,,,Panderm Ingredients,GRAMICIDIN 0.25MG/G + NEOMYCIN SULFATE 4.16 MG/G + NYSTATIN 100000IU/G + TRIAMCINOLONE ACETONIDE 1MG/G,Drug,Text,
,,,Gemfibrozil,GEMFIBROZIL,Drug,Text,
,,,Sodium Fusidate,SODIUM FUSIDATE,Drug,Text,
,,,Fusidic Acid,FUSIDIC ACID,Drug,Text,
,,,Fucicort Ingredients,BETAMETHASONE + FUSIDIC ACID,Drug,Text,
,,,Octreotide,OCTREOTIDE,Drug,Text,
,,,Clomipramine HCl,CLOMIPRAMINE HCL,Drug,Text,
,,,Amlodipine Besylate,AMLODIPINE BESYLATE,Drug,Text,
,,,Pyralvex Ingredients,RHUBARB EXTRACT + SALICYLIC ACID,Drug,Text,
,,,Duofilm Ingredients,LACTIC ACID + SALICYLIC ACID,Drug,Text,
,,,Tetracycline HCl,TETRACYCLINE HCL,Drug,Text,
,,,Moxal Ingredients,ALUMINIUM HYDROXIDE + MAGNESIUM HYDROXIDE,Drug,Text,
,,,Ondansetron,ONDANSETRON,Drug,Text,
,,,Gyno-Flor Ingredients,ESTRIOL 0.03MG + VIABLE LACTOBACILLUS ACIDOPHILUS AT LEAST 10 MILLION CFU,Drug,Text,
,,,Fluticasone Propionate,FLUTICASONE PROPIONATE,Drug,Text,
,,,Vigabatrin,VIGABATRIN,Drug,Text,
,,,Lidocaine,LIDOCAINE,Drug,Text,
,,,Glipizide,GLIPIZIDE,Drug,Text,
,,,Finasteride,FINASTERIDE,Drug,Text,
,,,Zestoretic Ingredients,HYDROCHLOROTHIAZIDE + LISINOPRIL DIHYDRATE,Drug,Text,
,,,Bonjela Ingredients,CETALKONIUM CHLORIDE + CHOLINE SALICYLATE,Drug,Text,
,,,Benzoxonium Cl + Lidocaine HCl,BENZOXONIUM CL + LIDOCAINE HCL,Drug,Text,
,,,Daflon Ingredients,DIOSMIN + HESPERIDIN,Drug,Text,
,,,Nicotine,NICOTINE,Drug,Text,
,,,Famotidine,FAMOTIDINE,Drug,Text,
,,,Lidocaine HCl,LIDOCAINE HCL,Drug,Text,
,,,Felodipine,FELODIPINE,Drug,Text,
,,,Ketoconazole,KETOCONAZOLE,Drug,Text,
,,,Flecainide Acetate,FLECAINIDE ACETATE,Drug,Text,
,,,Xylometazoline HCl,XYLOMETAZOLINE HCL,Drug,Text,
,,,Idarubicin HCl,IDARUBICIN HCL,Drug,Text,
,,,Glibenclamide,GLIBENCLAMIDE,Drug,Text,
,,,Clarithromycin,CLARITHROMYCIN,Drug,Text,
,,,Econazole Nitrate,ECONAZOLE NITRATE,Drug,Text,
,,,Pevisone Ingredients,ECONAZOLE NITRATE + TRIAMCINOLONE ACETONIDE,Drug,Text,
,,,Desmopressin Acetate,DESMOPRESSIN ACETATE,Drug,Text,
,,,Sofradex Ingredients,DEXAMETHASONE + FRAMYCETIN SULFATE + GRAMICIDIN,Drug,Text,
,,,Dexamethasone,DEXAMETHASONE,Drug,Text,
,,,Naphcon-A Ingredients,NAPHAZOLINE HCL + PHENIRAMINE MALEATE,Drug,Text,
,,,Maxitrol Ingredients,DEXAMETHASONE 1MG/ML + NEOMYCIN SULFATE 3500IU/ML + POLYMYXIN B SULFATE 6000IU/ML,Drug,Text,
,,,Lisinopril,LISINOPRIL,Drug,Text,
,,,Tears Natural Ingredients,DEXTRAN 70 + HYDROXYPROPYL METHYLCELLULOSE,Drug,Text,
,,,Tropicamide,TROPICAMIDE,Drug,Text,
,,,Hamamelis Water,HAMAMELIS WATER,Drug,Text,
,,,Ultracortenol Ingredients,PREDNISOLONE ACETATE + PREDNISOLONE PIVALATE,Drug,Text,
,,,Prednisolone Pivalate,PREDNISOLONE PIVALATE,Drug,Text,
,,,"Insulin Human Nph, Isophane Suspension (Rdna Origin)","INSULIN HUMAN NPH, ISOPHANE SUSPENSION (RDNA ORIGIN)",Drug,Text,
,,,Insulin Human Regular (Rdna),INSULIN HUMAN REGULAR (RDNA),Drug,Text,
,,,Granisetron,GRANISETRON,Drug,Text,
,,,Loperamide HCl,LOPERAMIDE HCL,Drug,Text,
,,,Augmentin Ingredients,AMOXICILLIN + CLAVULANIC ACID,Drug,Text,
,,,Domperidone,DOMPERIDONE,Drug,Text,
,,,Allopurinol,ALLOPURINOL,Drug,Text,
,,,Insulin Human (Rdna),INSULIN HUMAN (RDNA),Drug,Text,
,,,Mefloquine,MEFLOQUINE,Drug,Text,
,,,Cytarabine,CYTARABINE,Drug,Text,
,,,Busulfan,BUSULFAN,Drug,Text,
,,,Mercaptopurine,MERCAPTOPURINE,Drug,Text,
,,,Melphalan,MELPHALAN,Drug,Text,
,,,Azathioprine,AZATHIOPRINE,Drug,Text,
,,,Tioguanine,TIOGUANINE,Drug,Text,
,,,Chlorambucil,CHLORAMBUCIL,Drug,Text,
,,,Mebendazole,MEBENDAZOLE,Drug,Text,
,,,Labetalol HCl,LABETALOL HCL,Drug,Text,
,,,Metoprolol Tartrate,METOPROLOL TARTRATE,Drug,Text,
,,,Propranolol HCl,PROPRANOLOL HCL,Drug,Text,
,,,Albendazole,ALBENDAZOLE,Drug,Text,
,,,Bisoprolol Fumarate,BISOPROLOL FUMARATE,Drug,Text,
,,,Doxorubicin HCl,DOXORUBICIN HCL,Drug,Text,
,,,Dried Ivy Leaf Extract,DRIED IVY LEAF EXTRACT,Drug,Text,
,,,Dried Ivy Leaf Extract Ethanolic,DRIED IVY LEAF EXTRACT ETHANOLIC,Drug,Text,
,,,Tyrothricin,TYROTHRICIN,Drug,Text,
,,,Paroxetine HCl,PAROXETINE HCL,Drug,Text,
,,,Mebeverine HCl,MEBEVERINE HCL,Drug,Text,
,,,Kaptin Ingredients,KAOLIN + PECTIN,Drug,Text,
,,,Lamotrigine,LAMOTRIGINE,Drug,Text,
,,,Hyoscine-N-Butyl Bromide,HYOSCINE-N-BUTYL BROMIDE,Drug,Text,
,,,Tobradex Ingredients,DEXAMETHASONE + TOBRAMYCIN,Drug,Text,
,,,Anginova Ingredients,DEQUALINIUM CHLORIDE + LIDOCAINE HCL,Drug,Text,
,,,Xyloproct Ingredients,LIDOCAINE + HYDROCORTISONE ACETATE,Drug,Text,
,,,Doxiproct Ingredients,CALCIUM DOBESILATE + LIDOCAINE HCL,Drug,Text,
,,,Doxiproct Plus Ingredients,CALCIUM DOBESILATE + DEXAMETHASONE + LIDOCAINE HCL,Drug,Text,
,,,Procto-Glyvenol Ingredients,LIDOCAINE HCL + TRIBENOSIDE,Drug,Text,
,,,Trachitol Ingredients,LIDOCAINE HCL + PROPYL-4-HYDROXYBENZOATE + ALUMEN,Drug,Text,
,,,Policresulen,POLICRESULEN,Drug,Text,
,,,Docusate Sodium,DOCUSATE SODIUM,Drug,Text,
,,,Madopar Ingredients,LEVODOPA + BENSERAZIDE,Drug,Text,
,,,Bezafibrate,BEZAFIBRATE,Drug,Text,
,,,Sinemet Ingredients,LEVODOPA + CARBIDOPA,Drug,Text,
,,,Diazepam,DIAZEPAM,Drug,Text,
,,,Sodium Valproate,SODIUM VALPROATE,Drug,Text,
,,,Procyclidine HCl,PROCYCLIDINE HCL,Drug,Text,
,,,Librax Ingredients,CHLORDIAZEPOXIDE + CLIDINIUM BROMIDE,Drug,Text,
,,,Clonazepam,CLONAZEPAM,Drug,Text,
,,,Amantadine HCl,AMANTADINE HCL,Drug,Text,
,,,Bromazepam,BROMAZEPAM,Drug,Text,
,,,Trimol D.S. Ingredients,SULFAMETHOXAZOLE + TRIMETHOPRIM,Drug,Text,
,,,Bisacodyl,BISACODYL,Drug,Text,
,,,Glyceryl Trinitrate,GLYCERYL TRINITRATE,Drug,Text,
,,,Hydralazine HCl,HYDRALAZINE HCL,Drug,Text,
,,,Piracetam,PIRACETAM,Drug,Text,
,,,Morphine Sulfate,MORPHINE SULFATE,Drug,Text,
,,,Digoxin,DIGOXIN,Drug,Text,
,,,Trifed Ingredients,TRIPROLIDINE HCL + PSEUDOEPHEDRINE HCL,Drug,Text,
,,,Lynestrenol,LYNESTRENOL,Drug,Text,
,,,Methyldopa,METHYLDOPA,Drug,Text,
,,,Lactulose,LACTULOSE,Drug,Text,
,,,Betahistine Dihydrochloride,BETAHISTINE DIHYDROCHLORIDE,Drug,Text,
,,,Metoclopramide HCl,METOCLOPRAMIDE HCL,Drug,Text,
,,,Senokot` Ingredients,SENNA PODS POWDERED + SENNOSIDE A+B,Drug,Text,
,,,Fybogel Orange Ingredients,ISPAGHULA HUSKS + RIBOFLAVIN SODIUM PHOSPHATE,Drug,Text,
,,,Microgynon 30 Ingredients,LEVONORGESTREL + ETHINYLESTRADIOL,Drug,Text,
,,,Hydrochlorothiazide,HYDROCHLOROTHIAZIDE,Drug,Text,
,,,Moduretic Ingredients,AMILORIDE HCL + HYDROCHLOROTHIAZIDE,Drug,Text,
,,,Spironolactone,SPIRONOLACTONE,Drug,Text,
,,,Magnesium Citrate,MAGNESIUM CITRATE,Drug,Text,
,,,Carbamazepine,CARBAMAZEPINE,Drug,Text,
,,,Tamoxifen Citrate,TAMOXIFEN CITRATE,Drug,Text,
,,,Alfacalcidol,ALFACALCIDOL,Drug,Text,
,,,Multi-Sanostol Ingredients,RETINOL PALMITATE (VIT A) 2400IU/10ML + COLECALCIFEROL (VIT D3) 200IU/10ML + THIAMINE HCL (VIT B1) 2MG/10ML + RIBOFLAVIN (VIT B2) 2MG/10ML + PYRIDOXINE HCL (VIT B6) 1MG/10ML + ASCORBIC ACID 100MG/10ML + ALPHA TOCOPHEROL ACETATE (VIT E) 2MG/10ML + NICOTINAMIDE 10MG/10ML + DEXPANTHENOL 4MG/10ML + CALCIUM GLUCONATE 50MG/10ML + CALCIUM PHOSPHOLACTATE 50MG/10ML,Drug,Text,
,,,Clomifene Citrate,CLOMIFENE CITRATE,Drug,Text,
,,,Agiolax Ingredients,ISPAGHULA HUSKS 0.11G + ISPAGHULA SEEDS 2.6G + TINNEVELLY SENNA PODS 0.34-0.66G,Drug,Text,
,,,Magnesium Hydroxide,MAGNESIUM HYDROXIDE,Drug,Text,
,,,Menthol,MENTHOL,Drug,Text,
,,,Cinnarizine,CINNARIZINE,Drug,Text,
,,,Tazocin Ingredients,PIPERACILLIN SODIUM + TAZOBACTAM SODIUM,Drug,Text,
,,,Tenoretic Ingredients,ATENOLOL + CHLORTHALIDONE,Drug,Text,
,,,Amiodarone HCl,AMIODARONE HCL,Drug,Text,
,,,Tinidazole,TINIDAZOLE,Drug,Text,
,,,Soybean Phospholipids,SOYBEAN PHOSPHOLIPIDS,Drug,Text,
,,,Neurobion Forte Ingredients,CYANOCOBALAMIN + PYRIDOXINE HCL + THIAMINE DISULFIDE,Drug,Text,
,,,Daunorubicin HCl,DAUNORUBICIN HCL,Drug,Text,
,,,Epirubicin HCl,EPIRUBICIN HCL,Drug,Text,
,,,Sulpiride,SULPIRIDE,Drug,Text,
,,,Multivitamins & Minerals,MULTIVITAMINS & MINERALS,Drug,Text,
,,,Methylprednisolone Acetate,METHYLPREDNISOLONE ACETATE,Drug,Text,
,,,Methylprednisolone,METHYLPREDNISOLONE,Drug,Text,
,,,Hydrocortisone Sodium Succinate,HYDROCORTISONE SODIUM SUCCINATE,Drug,Text,
,,,Methylprednisolone Sodium Succinate,METHYLPREDNISOLONE SODIUM SUCCINATE,Drug,Text,
,,,Diprofos Ingredients,BETAMETHASONE DIPROPIONATE + BETAMETHASONE DISODIUM PHOSPHATE,Drug,Text,
,,,Diphenhydramine HCl,DIPHENHYDRAMINE HCL,Drug,Text,
,,,Trospium Chloride,TROSPIUM CHLORIDE,Drug,Text,
,,,Metronidazole,METRONIDAZOLE,Drug,Text,
,,,Neurorubine Forte Lactab Ingredients,THIAMINE NITRATE + PYRIDOXINE HCL + CYANOCOBALAMIN,Drug,Text,
,,,Disodium Clodronate Tetrahydrate,DISODIUM CLODRONATE TETRAHYDRATE,Drug,Text,
,,,Intard Ingredients,ATROPINE SULFATE + DIPHENOXYLATE HCL,Drug,Text,
,,,Iopromide,IOPROMIDE,Drug,Text,
,,,Prednisolone,PREDNISOLONE,Drug,Text,
,,,Neurobion Ingredients,CYANOCOBALAMIN + PYRIDOXINE HCL + THIAMINE HCL,Drug,Text,
,,,Furazol Ingredients,DILOXANIDE FUROATE + METRONIDAZOLE,Drug,Text,
,,,Testosterone Undecanoate,TESTOSTERONE UNDECANOATE,Drug,Text,
,,,Piribedil,PIRIBEDIL,Drug,Text,
,,,Mefenamic Acid,MEFENAMIC ACID,Drug,Text,
,,,Doxycycline,DOXYCYCLINE,Drug,Text,
,,,Calcium Dobesilate,CALCIUM DOBESILATE,Drug,Text,
,,,Pentoxifylline,PENTOXIFYLLINE,Drug,Text,
,,,Sustanon Ingredients,TESTOSTERONE PHENYLPROPIONATE + TESTOSTERONE PROPIONATE + TESTOSTERONE ISOCAPROATE + TESTOSTERONE DRCANNOATE,Drug,Text,
,,,Potassium Sodium Hydrogen Citrate,POTASSIUM SODIUM HYDROGEN CITRATE,Drug,Text,
,,,Aescin,AESCIN,Drug,Text,
,,,Polygynax Ingredients,NEOMYCIN SULFATE + NYSTATIN + POLYMYXIN B SULFATE,Drug,Text,
,,,Clarinase Ingredients,PSEUDOEPHEDRINE SULFATE + LORATADINE,Drug,Text,
,,,Diane-35 Ingredients,CYPROTERONE ACETATE + ETHINYLESTRADIOL,Drug,Text,
,,,Nalidixic Acid,NALIDIXIC ACID,Drug,Text,
,,,Trachisan Ingredients,LIDOCAINE HCL + TYROTHRICIN + CHLORHEXIDINE GLUCONATE,Drug,Text,
,,,Furosemide,FUROSEMIDE,Drug,Text,
,,,Sodium Cromoglicate,SODIUM CROMOGLICATE,Drug,Text,
,,,Progyluton Ingredients,ESTRADIOL VALERATE + NORGESTREL,Drug,Text,
,,,Hydroxyprogesterone Caproate,HYDROXYPROGESTERONE CAPROATE,Drug,Text,
,,,Sulphasalazine,SULPHASALAZINE,Drug,Text,
,,,Mesterolone,MESTEROLONE,Drug,Text,
,,,Riabal Compound Ingredients,PRIFINIUM BROMIDE + PARACETAMOL,Drug,Text,
,,,Rodogyl Ingredients,METRONIDAZOLE 125MG + SPIRAMYCIN 0.75 MUI,Drug,Text,
,,,Glucagon,GLUCAGON,Drug,Text,
,,,Nifedipine,NIFEDIPINE,Drug,Text,
,,,Ampicillin,AMPICILLIN,Drug,Text,
,,,Hexetidine,HEXETIDINE,Drug,Text,
,,,Betamethasone Sodium Phosphate,BETAMETHASONE SODIUM PHOSPHATE,Drug,Text,
,,,Timolol Maleate,TIMOLOL MALEATE,Drug,Text,
,,,Ophtazoline Ingredients,ANTAZOLINE SULFATE + NAPHAZOLINE NITRATE,Drug,Text,
,,,B.S.S. (Balanced Salt Solution) Ingredients,SODIUM CHLORIDE 6.4 MG/ML + SODIUM CITRATE + DIHYDRATE 1.7MG/ML + SODIUM ACETATE + TRIHYDRATE 3.9MG/ML + POTASSIUM CHLORIDE 0.75MG/ML + CACIUM CHLORIDE DIHYDRATE 0.48MG/ML + MAGNESIUM CHLORIDE HEXAHYDRATE 0.3MG/ML,Drug,Text,
,,,Acitretin,ACITRETIN,Drug,Text,
,,,Oxymetazoline HCl,OXYMETAZOLINE HCL,Drug,Text,
,,,Emla Ingredients,LIDOCAINE + PRILOCAINE,Drug,Text,
,,,Amuretic Ingredients,AMILORIDE HCL + HYDROCHLOROTHIAZIDE,Drug,Text,
,,,Triptorelin,TRIPTORELIN,Drug,Text,
,,,Budesonide,BUDESONIDE,Drug,Text,
,,,Dimetapp Ingredients,BROMPHENIRAMINE MALEATE + PSEUDOEPHEDRINE HCL,Drug,Text,
,,,Fluvoxamine Maleate,FLUVOXAMINE MALEATE,Drug,Text,
,,,Uricol Ingredients,HEXAMINE + KHELLIN + PIPERAZINE CITRATE,Drug,Text,
,,,Berocca Calcium And Magnesium Ingredients,THIAMINE HCL 15MG + RIBOFLAVIN 15MG + PYRIDOXINE HCL 10MG + CYANOCOBALAMIN 10MCG + NICOTINAMIDE 50MG + PANTOTHENIC ACID 23MG + BIOTIN 150MCG + ASCORBIC ACID 1000MG + CALCIUM 100MG + MAGNESIUM 100MG,Drug,Text,
,,,Neurovit Ingredients,THIAMINE HCL + PYRIDOXINE HCL + CYANOCOBALAMIN,Drug,Text,
,,,Diclofenac Diethylammonium,DICLOFENAC DIETHYLAMMONIUM,Drug,Text,
,,,Haemoproct Ingredients,TRIBENOSIDE + LIDOCAINE HCL,Drug,Text,
,,,Promethazine HCl,PROMETHAZINE HCL,Drug,Text,
,,,Dextromethorphan Hydrobromide,DEXTROMETHORPHAN HYDROBROMIDE,Drug,Text,
,,,Multivitamins & Minerals With Ginseng,MULTIVITAMINS & MINERALS WITH GINSENG,Drug,Text,
,,,Multivitamins & Minerals With Lysine,MULTIVITAMINS & MINERALS WITH LYSINE,Drug,Text,
,,,Azithromycin,AZITHROMYCIN,Drug,Text,
,,,Naproxen,NAPROXEN,Drug,Text,
,,,Reparil N Ingredients,DIETHYLAMINE SALICYLATE + ESCIN,Drug,Text,
,,,Vinorelbine Tartrate,VINORELBINE TARTRATE,Drug,Text,
,,,Levocabastine HCl,LEVOCABASTINE HCL,Drug,Text,
,,,Rowachol Ingredients,MENTHOL 32MG + MENTHONE 6MG + ALPHA PINENE 13.6MG + BETA PINENE 3.4MG + BORNEOL 5MG + CINEOLE 2MG + CAMPHENE 5MG,Drug,Text,
,,,Rowatinex Ingredients,ALPHA PINENE 24.8MG + BETA PINENE 6.2MG + CAMPHENE 15MG + CINEOLE 3MG + FENCHONE 4MG + BORNEOL 10MG + ANETHOL 4MG,Drug,Text,
,,,Carbenoxolone Sodium,CARBENOXOLONE SODIUM,Drug,Text,
,,,Rowatanal Ingredients,BISMUTH SUBGALLATE + CALCIUM CARBONATE + MENTHOL + ZINC OXIDE,Drug,Text,
,,,Silymarin,SILYMARIN,Drug,Text,
,,,Alprostadil,ALPROSTADIL,Drug,Text,
,,,Neobacin Ingredients,BACITRACIN ZINC 250IU/G + NEOMYCIN SULFATE 5MG/G,Drug,Text,
,,,Mivacurium Chloride,MIVACURIUM CHLORIDE,Drug,Text,
,,,Diltiazem HCl,DILTIAZEM HCL,Drug,Text,
,,,Valaciclovir HCl,VALACICLOVIR HCL,Drug,Text,
,,,Verapamil HCl,VERAPAMIL HCL,Drug,Text,
,,,Insulin Human (70% Insulin Human Isophane Suspension & 30% Insulin Human Injection) (Rdna Origin),INSULIN HUMAN (70% INSULIN HUMAN ISOPHANE SUSPENSION & 30% INSULIN HUMAN INJECTION) (RDNA ORIGIN),Drug,Text,
,,,Ketoprofen,KETOPROFEN,Drug,Text,
,,,Hydrocortisone,HYDROCORTISONE,Drug,Text,
,,,Folic Acid,FOLIC ACID,Drug,Text,
,,,Glycerin,GLYCERIN,Drug,Text,
,,,Sedofan Dm Ingredients,DEXTROMETHORPHAN HYDROBROMIDE + PSEUDOEPHEDRINE HCL + TRIPROLIDINE HCL,Drug,Text,
,,,Sedofan Ingredients,PSEUDOEPHEDRINE HCL + TRIPROLIDINE HCL,Drug,Text,
,,,Citalopram Hydrobromide,CITALOPRAM HYDROBROMIDE,Drug,Text,
,,,Losartan Potassium,LOSARTAN POTASSIUM,Drug,Text,
,,,Isoflurane,ISOFLURANE,Drug,Text,
,,,Desflurane,DESFLURANE,Drug,Text,
,,,Spiramycin,SPIRAMYCIN,Drug,Text,
,,,Erythropoietin,ERYTHROPOIETIN,Drug,Text,
,,,Dentinox Teething Gel Ingredients,CETYLPYRIDINIUM CHLORIDE + LIGNOCAINE HCL,Drug,Text,
,,,Activated Dimethicone Emulsion,ACTIVATED DIMETHICONE EMULSION,Drug,Text,
,,,Methylphenidate HCl,METHYLPHENIDATE HCL,Drug,Text,
,,,Terbinafine HCl,TERBINAFINE HCL,Drug,Text,
,,,Dimetindene Maleate,DIMETINDENE MALEATE,Drug,Text,
,,,Tretinoin,TRETINOIN,Drug,Text,
,,,Acarbose,ACARBOSE,Drug,Text,
,,,Quinapril HCl,QUINAPRIL HCL,Drug,Text,
,,,Metoprolol Succinate,METOPROLOL SUCCINATE,Drug,Text,
,,,Mometasone Furoate,MOMETASONE FUROATE,Drug,Text,
,,,Fluconazole,FLUCONAZOLE,Drug,Text,
,,,Gaviscon Original Aniseed Ingredients,CALCIUM CARBONATE + SODIUM ALGINATE + SODIUM BICARBONATE,Drug,Text,
,,,Flavaco With Hydrocortisone Ingredients,POLYMIXIN B SULFATE 0.10% + NEOMYCIN SULFATE 0.25% + AMINACRINE HCL 0.10% + BENZOCAINE 2% + HYDROCORTISONE 0.02%,Drug,Text,
,,,Logimax Ingredients,FELODIPINE + METOPROLOL SUCCINATE,Drug,Text,
,,,Diclofenac Diethylamine,DICLOFENAC DIETHYLAMINE,Drug,Text,
,,,Phenytoin Sodium,PHENYTOIN SODIUM,Drug,Text,
,,,Cefaclor,CEFACLOR,Drug,Text,
,,,Phenylephrine HCl,PHENYLEPHRINE HCL,Drug,Text,
,,,Piroxicam,PIROXICAM,Drug,Text,
,,,Chloramphenicol,CHLORAMPHENICOL,Drug,Text,
,,,Sulfacetamide Sodium,SULFACETAMIDE SODIUM,Drug,Text,
,,,Prednisolone Acetate,PREDNISOLONE ACETATE,Drug,Text,
,,,Hepatitis B Surface Antigen,HEPATITIS B SURFACE ANTIGEN,Drug,Text,
,,,Oxcarbazepine,OXCARBAZEPINE,Drug,Text,
,,,Olfen Ingredients,DICLOFENAC SODIUM + LIDOCAINE HCL,Drug,Text,
,,,Pectolyn Expectorant Ingredients,AMMONIUM CHLORIDE + DIPHENHYDRAMINE HCL + SODIUM CITRATE,Drug,Text,
,,,Amydramine Paediatric Ingredients,DIPHENHYDRAMINE HCL + SODIUM CITRATE + MENTHOL  ,Drug,Text,
,,,Hepatitis A Virus Antigen,HEPATITIS A VIRUS ANTIGEN,Drug,Text,
,,,Heparin Sodium,HEPARIN SODIUM,Drug,Text,
,,,Pantoprazole,PANTOPRAZOLE,Drug,Text,
,,,Rennie Ingredients,CALCIUM CARBONATE + MAGNESIUM CARBONATE,Drug,Text,
,,,Phytomenadione,PHYTOMENADIONE,Drug,Text,
,,,Cetirizine HCl,CETIRIZINE HCL,Drug,Text,
,,,Meloxicam,MELOXICAM,Drug,Text,
,,,Amoclan Ingredients,AMOXICILLIN + CLAVULANIC ACID,Drug,Text,
,,,Amoclan Forte Ingredients,AMOXICILLIN + CLAVULANIC ACID,Drug,Text,
,,,Meropenem Trihydrate,MEROPENEM TRIHYDRATE,Drug,Text,
,,,Tobramycin,TOBRAMYCIN,Drug,Text,
,,,Cefadroxil Monohydrate,CEFADROXIL MONOHYDRATE,Drug,Text,
,,,Acetylsalicylic Acid,ACETYLSALICYLIC ACID,Drug,Text,
,,,Mycophenolate Mofetil,MYCOPHENOLATE MOFETIL,Drug,Text,
,,,Activated Attapulgite,ACTIVATED ATTAPULGITE,Drug,Text,
,,,Dorzolamide HCl,DORZOLAMIDE HCL,Drug,Text,
,,,Otocol Ingredients,CHLORAMPHENICOL + BENZOCAINE,Drug,Text,
,,,Alverine Citrate,ALVERINE CITRATE,Drug,Text,
,,,Decal B12 Ingredients,CALCIUM LEVULINATE + VIT B12 + VIT D3,Drug,Text,
,,,Cafamol Ingredients,PARACETAMOL + DOXYLAMINE SUCCINATE + CAFFEINE,Drug,Text,
,,,Sevoflurane,SEVOFLURANE,Drug,Text,
,,,Risperidone,RISPERIDONE,Drug,Text,
,,,Diosmin,DIOSMIN,Drug,Text,
,,,Glycerol,GLYCEROL,Drug,Text,
,,,Octocaine 100 Ingredients,EPINEPHRINE + LIDOCAINE HCL,Drug,Text,
,,,Saquinavir,SAQUINAVIR,Drug,Text,
,,,Diethylamine Salicylate,DIETHYLAMINE SALICYLATE,Drug,Text,
,,,Trachisan Sore Throat Gargle Ingredients,LIDOCAINE + CHLORHEXIDINE GLUCONATE,Drug,Text,
,,,Metformin HCl,METFORMIN HCL,Drug,Text,
,,,Chondroitin Polysulfate (Mucopolysaccharide Polysulfate),CHONDROITIN POLYSULFATE (MUCOPOLYSACCHARIDE POLYSULFATE),Drug,Text,
,,,Ofloxacin,OFLOXACIN,Drug,Text,
,,,B.B.C Ingredients,BENZOCAINE + BENZYDAMINE HCL + CETALKONIUM CHLORIDE,Drug,Text,
,,,Moxal Plus Ingredients,ALUMINIUM HYDROXIDE + MAGNESIUM HYDROXIDE + SIMETHICONE,Drug,Text,
,,,Vitamin C (Julfar) Ingredients,ASCORBIC ACID + SODIUM ASCORBATE,Drug,Text,
,,,Phenidex Ingredients,DEXAMETHASONE + CHLORAMPHENICOL,Drug,Text,
,,,Stressease Ingredients,BIOTIN 15MCG + CALCIUM 150MG + FOLIC ACID 1MG + MAGNESIUM 75MG + NIACINAMIDE 50MG + PANTOTHENIC ACID 20MG + RIBOFLAVIN 35MG + THIAMINE 35MG + CYANOCOBALAMIN 30MCG + PYRIDOXINE 15MG + VIT C 500MG + VIT E 30IU + ZINC 5MG,Drug,Text,
,,,D-Alpha-Tocopherol,D-ALPHA-TOCOPHEROL,Drug,Text,
,,,Levothyroxine Sodium,LEVOTHYROXINE SODIUM,Drug,Text,
,,,B-Sitosterol,B-SITOSTEROL,Drug,Text,
,,,3V Ingredients,THIAMINE HCL + PYRIDOXINE HCL + CYANOCOBALAMIN,Drug,Text,
,,,Interferon Alfa-2A,INTERFERON ALFA-2A,Drug,Text,
,,,Cisatracurium,CISATRACURIUM,Drug,Text,
,,,Lansoprazole,LANSOPRAZOLE,Drug,Text,
,,,Adenosine,ADENOSINE,Drug,Text,
,,,Doxazosin,DOXAZOSIN,Drug,Text,
,,,Infanrix Im Ingredients,DIPTHERIA TOXOID NLT 30IU/0.5ML + TETANUS TOXOID NLT 40IU/0.5ML + PERTUSSIS TOXOID 25MCG/0.5ML + FILAMENTOUS HEMAGGLUTININ 25MCG/0.5ML + PERTACTIN 8MCG/0.5ML,Drug,Text,
,,,Anastrozole,ANASTROZOLE,Drug,Text,
,,,Topiramate,TOPIRAMATE,Drug,Text,
,,,Bicalutamide,BICALUTAMIDE,Drug,Text,
,,,Medijel Ingredients,AMINOACRIDINE HCL + LIGNOCAINE HCL,Drug,Text,
,,,Glimepiride,GLIMEPIRIDE,Drug,Text,
,,,Live Attenuated Varcella Virus (Oka Strain) Nlt 2000 Pfu/0.5Ml,LIVE ATTENUATED VARCELLA VIRUS (OKA STRAIN) NLT 2000 PFU/0.5ML,Drug,Text,
,,,Olanzapine,OLANZAPINE,Drug,Text,
,,,Mirtazapine,MIRTAZAPINE,Drug,Text,
,,,Goserelin Acetate,GOSERELIN ACETATE,Drug,Text,
,,,Sertraline HCl,SERTRALINE HCL,Drug,Text,
,,,Isosorbide Mononitrate,ISOSORBIDE MONONITRATE,Drug,Text,
,,,Calcium Carbonate,CALCIUM CARBONATE,Drug,Text,
,,,Solpadeine Soluble Ingredients,PARACETAMOL + CODEINE PHOSPHATE + CAFFEINE,Drug,Text,
,,,Formoterol Fumarate Dihydrate,FORMOTEROL FUMARATE DIHYDRATE,Drug,Text,
,,,Hyzaar Ingredients,HYDROCHLOROTHIAZIDE + LOSARTAN POTASSIUM,Drug,Text,
,,,Malarone Ingredients,ATOVAQUONE + PROGUANIL HCL,Drug,Text,
,,,Stresstabs 600 With Zinc Ingredients,COPPER 0.9MG + FOLIC ACID 500MCG + NIACINAMIDE 100MG + PANTOTHENIC ACID 25MG + THIAMINE 30MG + CYANOCOBALAMIN 25MCG + RIBOFLAVIN 10MG + PYRIDOXINE 10MG + VIT C 600MG + VIT E 45IU + ZINC 23.9MG,Drug,Text,
,,,Naratriptan HCl,NARATRIPTAN HCL,Drug,Text,
,,,Calcitriol,CALCITRIOL,Drug,Text,
,,,Maalox Ingredients,ALUMINIUM HYDROXIDE + MAGNESIUM HYDROXIDE,Drug,Text,
,,,Indapamide,INDAPAMIDE,Drug,Text,
,,,Maalox Plus Ingredients,ALUMINIUM HYDROXIDE + MAGNESIUM HYDROXIDE + SIMETHICONE,Drug,Text,
,,,Remifentanil HCl,REMIFENTANIL HCL,Drug,Text,
,,,Sodium Chloride,SODIUM CHLORIDE,Drug,Text,
,,,Dextrose Monohydrate,DEXTROSE MONOHYDRATE,Drug,Text,
,,,5% Dexrtose In 0.18% Sodium Chloride Ingredients,SODIUM CHLORIDE + DEXTROSE,Drug,Text,
,,,Mannitol,MANNITOL,Drug,Text,
,,,5% Dexrtose In 0.45% Sodium Chloride Ingredients,SODIUM CHLORIDE + DEXTROSE,Drug,Text,
,,,Lactated Ringer'S & Dextrose 5% Ingredients,SODIUM CHLORIDE 0.598G/100ML + POTASSIUM CHLORIDE 0.030G/100ML + CALCIUM CHLORIDE 0.020G/100ML + SODIUM LACTATE 0.310G/100ML + DEXTROSE ANHYDROUS 5G/100ML,Drug,Text,
,,,5% Dexrtose In 0.9% Sodium Chloride Ingredients,SODIUM CHLORIDE + DEXTROSE,Drug,Text,
,,,5% Dexrtose In 0.225% Sodium Chloride Ingredients,SODIUM CHLORIDE + DEXTROSE,Drug,Text,
,,,Ringer'S Injection Ingredients,SODIUM CHLORIDE + POTASSIUM CHLORIDE + CALCIUM CHLORIDE,Drug,Text,
,,,Water For Injection,WATER FOR INJECTION,Drug,Text,
,,,Lactated Ringer'S Injection Ingredients,SODIUM CHLORIDE 0.598G/100ML + POTASSIUM CHLORIDE 0.030G/100ML + CALCIUM CHLORIDE 0.020G/100ML + SODIUM LACTATE 0.310G/100ML,Drug,Text,
,,,Ferrous Gluconate,FERROUS GLUCONATE,Drug,Text,
,,,Cyanocobalamin,CYANOCOBALAMIN,Drug,Text,
,,,Quetiapine Fumarate,QUETIAPINE FUMARATE,Drug,Text,
,,,Cefpodoxime Proxetil,CEFPODOXIME PROXETIL,Drug,Text,
,,,Rituximab,RITUXIMAB,Drug,Text,
,,,Letrozol,LETROZOL,Drug,Text,
,,,B Complex With Vitamin C Ingredients,ASCORBIC ACID 250MG + THIAMINE 5MG + RIBOFLAVIN 5MG + NIACINAMIDE 50MG + PANTOTHENIC ACID 25MG + PYRIDOXINE 5MG + FOLIC ACID 50MCG + CYANOCOBALAMIN 10MCG + BIOTIN 10MCG + PARA-AMINO BENZOIC ACID 15MG + CHOLINE 50MG + INOSITOL 50MG,Drug,Text,
,,,Vitamin A Ingredients,CYANOCOBALAMIN + D-PANTHENOL + FERROUS GLUCONATE + L-LYSINE HCL,Drug,Text,
,,,Povidone Iodine,POVIDONE IODINE,Drug,Text,
,,,Mesalazine,MESALAZINE,Drug,Text,
,,,Sage Fluid-Extract,SAGE FLUID-EXTRACT,Drug,Text,
,,,Sildenafil Citrate,SILDENAFIL CITRATE,Drug,Text,
,,,Enoxaparin Sodium,ENOXAPARIN SODIUM,Drug,Text,
,,,B-Complex (Jamieson) Ingredients,BIOTIN + CHOLINE BITARTRATE + FOLIC ACID + INOSITOL,Drug,Text,
,,,Movicol Ingredients,MACROGOL + POTASSIUM CHLORIDE + SODIUM BICARBONATE + SODIUM CHLORIDE,Drug,Text,
,,,Human Immunoglobulin Anti-D Rh Factor,HUMAN IMMUNOGLOBULIN ANTI-D RH FACTOR,Drug,Text,
,,,Chlorhexidine Gluconate,CHLORHEXIDINE GLUCONATE,Drug,Text,
,,,Permethrin,PERMETHRIN,Drug,Text,
,,,Lamivudine,LAMIVUDINE,Drug,Text,
,,,Combivir Ingredients,LAMIVUDINE + ZIDOVUDINE,Drug,Text,
,,,Cephalexin Monohydrate,CEPHALEXIN MONOHYDRATE,Drug,Text,
,,,Pravastatin Sodium,PRAVASTATIN SODIUM,Drug,Text,
,,,Cabergoline,CABERGOLINE,Drug,Text,
,,,Carvedilol,CARVEDILOL,Drug,Text,
,,,Montelukast Sodium,MONTELUKAST SODIUM,Drug,Text,
,,,Prifinium Bromide,PRIFINIUM BROMIDE,Drug,Text,
,,,"Multivitamins, Minerals And Trace Elements","MULTIVITAMINS, MINERALS AND TRACE ELEMENTS",Drug,Text,
,,,Ascorbic Acid,ASCORBIC ACID,Drug,Text,
,,,Cal-C-Vita Ingredients,CALCIUM 250MG + COLECALCIFEROL 300IU + PYRIDOXINE HCL 15MG + ASCORBIC ACID 1G,Drug,Text,
,,,Deep Relief Ingredients,IBUPROFEN + LEVOMENTHOL,Drug,Text,
,,,Zolmitriptan,ZOLMITRIPTAN,Drug,Text,
,,,Fexofenadine HCl,FEXOFENADINE HCL,Drug,Text,
,,,Combivent Udv Ingredients,SALBUTAMOL + IPRATROPIUM BROMIDE,Drug,Text,
,,,10% Dextran 40 Iv Infusion In 0.9%W/V Sodium Chloride Iv Infusion Ingredients,DEXTRAN 40 + SODIUM CHLORIDE,Drug,Text,
,,,Half-Strength Lactated Ringer'S & Dextrose 5% Ingredients,SODIUM CHLORIDE 0.299G/100ML + POTASSIUM CHLORIDE 0.015G/100ML + CALCIUM CHLORIDE 0.010G/100ML + SODIUM LACTATE 0.155G/100ML + DEXTROSE MONOHYDRATE 5G/100ML,Drug,Text,
,,,6% W/V Dextran 70 In 0.9% W/V Sodium Chloride Iv Infusion Ingredients,DEXTRAN 70 + SODIUM CHLORIDE,Drug,Text,
,,,10% W/V Dextran 40 In 5% W/V Dextrose Iv Infusion Ingredients,DEXTRAN 40 + DEXTROSE,Drug,Text,
,,,Latanoprost,LATANOPROST,Drug,Text,
,,,Rocuronium Bromide,ROCURONIUM BROMIDE,Drug,Text,
,,,Doxycycline Hyclate,DOXYCYCLINE HYCLATE,Drug,Text,
,,,Follitropin Alfa,FOLLITROPIN ALFA,Drug,Text,
,,,Botulinum Toxin Type A (From Clostridium Botulinum),BOTULINUM TOXIN TYPE A (FROM CLOSTRIDIUM BOTULINUM),Drug,Text,
,,,Orlistat,ORLISTAT,Drug,Text,
,,,Cosopt Ingredients,DORZOLAMIDE HCL + TIMOLOL MALEATE,Drug,Text,
,,,Salmon Calcitonin Synthetic,SALMON CALCITONIN SYNTHETIC,Drug,Text,
,,,Twinrix Adult Ingredients,HEPATITIS A VIRUS (INACTIVATED) 720 ELISA UNITS + HEPATITIS B SURFACE ANTIGEN 20MCG,Drug,Text,
,,,Capecitabine,CAPECITABINE,Drug,Text,
,,,Klean-Prep Ingredients,MACROGOL + POTASSIUM CHLORIDE + SODIUM BICARBONATE + SODIUM CHLORIDE,Drug,Text,
,,,Neurorubine Ingredients,CYANOCOBALAMIN + PYRIDOXINE HCL + THIAMINE HCL,Drug,Text,
,,,Pramipexole,PRAMIPEXOLE,Drug,Text,
,,,Sifrol Ingredients,PRAMIPEXOLE + UROFOLLITROPINA,Drug,Text,
,,,Donepezil,DONEPEZIL,Drug,Text,
,,,Telmisartan,TELMISARTAN,Drug,Text,
,,,Irinotecan HCl Trihydrate,IRINOTECAN HCL TRIHYDRATE,Drug,Text,
,,,Neo-Healar Ingredients,LUPINUS ALBUS + VATERIA INDICA + PEPPERMINT OIL + ALOE VERA,Drug,Text,
,,,Peglec Ingredients,POLYETHYLENE GLYCOL 118G + POTASSIUM CHLORIDE 1.484G + SODIUM BICARBONATE 3.37G + SODIUM CHLORIDE 2.93G + SODIUM SULFATE ANHYDROUS 11.36G,Drug,Text,
,,,Gracial Ingredients,DESOGESTREL 0.025MG & 0.125MG + ETHINYLESTRADIOL 0.040MG & 0.030MG,Drug,Text,
,,,Co-Diovan Ingredients,HYDROCHLOROTHIAZIDE + VALSARTAN,Drug,Text,
,,,Recombinant Interferon Alfa-2B,RECOMBINANT INTERFERON ALFA-2B,Drug,Text,
,,,Depakine Chrono Ingredients,SODIUM VALPROATE + VALPROIC ACID,Drug,Text,
,,,Octreotide Acetate,OCTREOTIDE ACETATE,Drug,Text,
,,,Lemsip Max Flu Lemon Ingredients,ASCORBIC ACID + PARACETAMOL + PSEUDOEPHEDRINE HCL,Drug,Text,
,,,Captopril,CAPTOPRIL,Drug,Text,
,,,Hepatitis A Virus Vaccine,HEPATITIS A VIRUS VACCINE,Drug,Text,
,,,Para Special Lice Ingredients,DEPALLETHRIN + PIPERONYL BUTOXIDE,Drug,Text,
,,,Tolterodine Tartrate,TOLTERODINE TARTRATE,Drug,Text,
,,,Nadroparin Calcium,NADROPARIN CALCIUM,Drug,Text,
,,,Basiliximab,BASILIXIMAB,Drug,Text,
,,,Klavox Ingredients,AMOXICILLIN + CLAVULANIC ACID,Drug,Text,
,,,Iron (As Iron Iii Hydroxide Sucrose Complex),IRON (AS IRON III HYDROXIDE SUCROSE COMPLEX),Drug,Text,
,,,Ferrous Sulfate,FERROUS SULFATE,Drug,Text,
,,,N P B Ingredients,BACITRACIN ZINC 4000IU/10G + NEOMYCIN SULFATE 35MG/10G + POLYMYXIN B SULFATE 50000IU/10G,Drug,Text,
,,,Seretide Diskus Ingredients,FLUTICASONE PROPIONATE + SALMETEROL XINAFOATE,Drug,Text,
,,,Palivizumab,PALIVIZUMAB,Drug,Text,
,,,Fucidin H Ingredients,FUSIDIC ACID + HYDROCORTISONE ACETATE,Drug,Text,
,,,Repaglinide,REPAGLINIDE,Drug,Text,
,,,Nystalocal Ingredients,CHLORHEXIDINE DIHYDROCHLORIDE 11.50 MG/G + DEXAMETHASONE 1MG/G + NYSTATIN 100000IU/G,Drug,Text,
,,,Fluvastatin,FLUVASTATIN,Drug,Text,
,,,Dill Oil,DILL OIL,Drug,Text,
,,,Fevadol Plus Ingredients,PARACETAMOL + CODEINE PHOSPHATE + CAFFEINE,Drug,Text,
,,,Exylin Paediatric Ingredients,DIPHENHYDRAMINE HCL + MENTHOL,Drug,Text,
,,,Iron (As Iron Iii Polymaltose),IRON (AS IRON III POLYMALTOSE),Drug,Text,
,,,Iron,IRON,Drug,Text,
,,,Ceftazidime,CEFTAZIDIME,Drug,Text,
,,,Eptifibatide,EPTIFIBATIDE,Drug,Text,
,,,Clozapine,CLOZAPINE,Drug,Text,
,,,Deferoxamine Mesylate,DEFEROXAMINE MESYLATE,Drug,Text,
,,,Adapalene,ADAPALENE,Drug,Text,
,,,Benzoyl Peroxide,BENZOYL PEROXIDE,Drug,Text,
,,,Celecoxib,CELECOXIB,Drug,Text,
,,,Clopidogrel Bisulfate,CLOPIDOGREL BISULFATE,Drug,Text,
,,,Locacorten Tar Ingredients,COAL TAR + FLUMETHASONE,Drug,Text,
,,,Locacorten - Vioform Ingredients,CLIOQUINOL + FLUMETASONE PIVALATE,Drug,Text,
,,,Amorolfine HCl,AMOROLFINE HCL,Drug,Text,
,,,Rabeprazole Sodium,RABEPRAZOLE SODIUM,Drug,Text,
,,,Cyteal Ingredients,CHLORHEXIDINE DIGLUCONATE 0.50ML/100ML + CHLOROCRESOL 0.30G/100ML + HEXAMIDINE DI-ISETHIONATE 0.10G/100ML,Drug,Text,
,,,Trastuzumab,TRASTUZUMAB,Drug,Text,
,,,Cafergot Ingredients,ERGOTAMINE TARTRATE + CAFFEINE,Drug,Text,
,,,Dermobacter Ingredients,BENZALKONIUM CHLORIDE + CHLORHEXIDINE DIGLUCONATE,Drug,Text,
,,,Irbesartan,IRBESARTAN,Drug,Text,
,,,Aspirin 'C' Ingredients,ACETYLSALICYLIC ACID + ASCORBIC ACID,Drug,Text,
,,,Travocort Ingredients,ISOCONAZOLE NITRATE + DIFLUCORTOLONE VALERATE,Drug,Text,
,,,Azelaic Acid,AZELAIC ACID,Drug,Text,
,,,Methylprednisolone Aceponate,METHYLPREDNISOLONE ACEPONATE,Drug,Text,
,,,Tacrolimus,TACROLIMUS,Drug,Text,
,,,Julmentin Ingredients,AMOXICILLIN + CLAVULANIC ACID,Drug,Text,
,,,Julmentin Forte Ingredients,AMOXICILLIN + CLAVULANIC ACID,Drug,Text,
,,,Benzocaine,BENZOCAINE,Drug,Text,
,,,Colfed Dm Ingredients,TRIPROLIDINE HCL + PSEUDOEPHEDRINE HCL + GUAIFENESIN,Drug,Text,
,,,Baclofen,BACLOFEN,Drug,Text,
,,,M-M-R I I Vaccine Ingredients,MEASLES VIRUS VACCINE + MUMPS VACCINE (LIVE ATTENUATED) + RUBELLA VACCINE,Drug,Text,
,,,Peppermint Oil,PEPPERMINT OIL,Drug,Text,
,,,Ibandronic Acid,IBANDRONIC ACID,Drug,Text,
,,,Zanamivir,ZANAMIVIR,Drug,Text,
,,,Infliximab,INFLIXIMAB,Drug,Text,
,,,Nisita Nasal Ointment Ingredients,SODIUM BICARBONATE + SODIUM CHLORIDE,Drug,Text,
,,,Woodwards Gripe Water Ingredients,TERPENELESS DILL SEED OIL + SODIUM BICARBONATE,Drug,Text,
,,,Pizotifen,PIZOTIFEN,Drug,Text,
,,,Ganciclovir Sodium,GANCICLOVIR SODIUM,Drug,Text,
,,,Exemestane,EXEMESTANE,Drug,Text,
,,,Tirofiban,TIROFIBAN,Drug,Text,
,,,Ciclosporin,CICLOSPORIN,Drug,Text,
,,,Misoprostol,MISOPROSTOL,Drug,Text,
,,,"Hepatitis B Virus Antigen, Recombinant (Hbsag)","HEPATITIS B VIRUS ANTIGEN, RECOMBINANT (HBSAG)",Drug,Text,
,,,Fluoxetine HCl,FLUOXETINE HCL,Drug,Text,
,,,Epoetin Beta,EPOETIN BETA,Drug,Text,
,,,Hyaluronic Acid Sodium Salt,HYALURONIC ACID SODIUM SALT,Drug,Text,
,,,Fortzaar Ingredients,LOSARTAN POTASSIUM + HYDROCHLOROTHIAZIDE,Drug,Text,
,,,Dramylin - Pediatric Ingredients,DIPHENHYDRAMINE HCL + SODIUM CITRATE + MENTHOL,Drug,Text,
,,,Dramylin Ingredients,DIPHENHYDRAMINE HCL + AMMONIUM CHLORIDE,Drug,Text,
,,,Cyproterone Acetate,CYPROTERONE ACETATE,Drug,Text,
,,,Tripofed Ingredients,TRIPROLIDINE HCL + PSEUDOEPHEDRINE HCL,Drug,Text,
,,,Aloxal Ingredients,ALUMINIUM HYDROXIDE + MAGNESIUM OXIDE,Drug,Text,
,,,Moxifloxacin,MOXIFLOXACIN,Drug,Text,
,,,Atorvastatin Hemicalcium,ATORVASTATIN HEMICALCIUM,Drug,Text,
,,,Eprosartan Mesilate,EPROSARTAN MESILATE,Drug,Text,
,,,Rubicalm Ingredients,CHLORBUTOL + DIETHYLAMINE SALICYLATE + MENTHOL,Drug,Text,
,,,Candesartan Cilexetil,CANDESARTAN CILEXETIL,Drug,Text,
,,,Alendronate Sodium,ALENDRONATE SODIUM,Drug,Text,
,,,Yasmin Ingredients,DROSPIRENONE + ETHINYLESTRADIOL,Drug,Text,
,,,Flutab Ingredients,PARACETAMOL + DIPHENHYDRAMINE HCL + PSEUDOEPHEDRINE HCL,Drug,Text,
,,,Ferose-F Ingredients,IRON (AS IRON III POLYMALTOSE) + FOLIC ACID,Drug,Text,
,,,Ciprofloxacin HCl,CIPROFLOXACIN HCL,Drug,Text,
,,,Kaletra Ingredients,LOPINAVIR + RITONAVIR,Drug,Text,
,,,Moxiclav Ingredients,AMOXICILLIN + CLAVULANIC ACID,Drug,Text,
,,,Moxonidine,MOXONIDINE,Drug,Text,
,,,Oseltamivir,OSELTAMIVIR,Drug,Text,
,,,Activated Charcoal,ACTIVATED CHARCOAL,Drug,Text,
,,,Levofloxacin,LEVOFLOXACIN,Drug,Text,
,,,Zoledronic Acid,ZOLEDRONIC ACID,Drug,Text,
,,,Levonorgestrel,LEVONORGESTREL,Drug,Text,
,,,Alfuzosin HCl,ALFUZOSIN HCL,Drug,Text,
,,,Fludrex Ingredients,PARACETAMOL + CHLORPHENIRAMINE MALEATE + PSEUDOEPHEDRINE HCL,Drug,Text,
,,,Lidocaine HCl With Epinephrine Ingredients,LIDOCAINE HCL + EPINEPHRINE,Drug,Text,
,,,Panadol Sinus Ingredients,PARACETAMOL + PSEUDOEPHEDRINE HCL,Drug,Text,
,,,Panadol Cold And Flu Ingredients,PARACETAMOL + CHLORPHENIRAMINE MALEATE + PSEUDOEPHEDRINE HCL,Drug,Text,
,,,Dexmedetomidine HCl,DEXMEDETOMIDINE HCL,Drug,Text,
,,,Listerine Antiseptic Ingredients,EUCALYPTOL 0.092% + MENTHOL 0.042% + METHYL SALICYLATE 0.060% + THYMOL 0.064%,Drug,Text,
,,,Listerine Cool Mint Ingredients,EUCALYPTOL 0.092% + MENTHOL 0.042% + METHYL SALICYLATE 0.060% + THYMOL 0.064%,Drug,Text,
,,,Dobutamine HCl,DOBUTAMINE HCL,Drug,Text,
,,,Esomeprazole,ESOMEPRAZOLE,Drug,Text,
,,,Tenecteplase,TENECTEPLASE,Drug,Text,
,,,Atosiban,ATOSIBAN,Drug,Text,
,,,Famciclovir,FAMCICLOVIR,Drug,Text,
,,,Seretide Evohaler Ingredients,FLUTICASONE PROPIONATE + SALMETEROL XINAFOATE,Drug,Text,
,,,Vancomycin,VANCOMYCIN,Drug,Text,
,,,Progesterone,PROGESTERONE,Drug,Text,
,,,Mupirocin ,MUPIROCIN ,Drug,Text,
,,,Unifed Dm Ingredients,TRIPROLIDINE HCL + PSEUDOEPHEDRINE HCL + DEXTROMETHORPHAN HYDROBROMIDE,Drug,Text,
,,,Unifed Ingredients,TRIPROLIDINE HCL + PSEUDOEPHEDRINE HCL,Drug,Text,
,,,Unifed Expectorant Ingredients,TRIPROLIDINE HCL + PSEUDOEPHEDRINE HCL + GUAIFENESIN,Drug,Text,
,,,Imatinib Mesylate,IMATINIB MESYLATE,Drug,Text,
,,,Listerine Fresh Burst Ingredients,EUCALYPTOL 0.092% + MENTHOL 0.042% + METHYL SALICYLATE 0.060% + THYMOL 0.064%,Drug,Text,
,,,Dalteparin Sodium,DALTEPARIN SODIUM,Drug,Text,
,,,Optizolin Ingredients,ANTAZOLINE HCL + TETRAHYDROZOLINE HCL,Drug,Text,
,,,Etonogestrel,ETONOGESTREL,Drug,Text,
,,,Claritin-D- 24 Hour Ingredients,LORATADINE + PSEUDOEPHEDRINE SULFATE,Drug,Text,
,,,Optidex T Ingredients,TOBRAMYCIN + DEXAMETHASONE,Drug,Text,
,,,Gabapentin,GABAPENTIN,Drug,Text,
,,,Desogestrel,DESOGESTREL,Drug,Text,
,,,Human Albumin Octapharma Ingredients,ALBUMIN + PROTEIN,Drug,Text,
,,,Peginterferon Alfa-2A,PEGINTERFERON ALFA-2A,Drug,Text,
,,,Levetiracetam,LEVETIRACETAM,Drug,Text,
,,,Desloratadine,DESLORATADINE,Drug,Text,
,,,Imunoglobulin,IMUNOGLOBULIN,Drug,Text,
,,,Valsartan,VALSARTAN,Drug,Text,
,,,Becozyme Forte Ingredients,"NICOTINAMIDUM + CALCIUM PANTOTHENATE + THIAMINE NITRATE + RIBOFLAVIN+ PYRIDOXINE
HCL + BIOTIN+ CYANOCOBALAMIN
",Drug,Text,
,,,Symbicort Turbuhaler Ingredients,BUDESONIDE + FORMOTEROL,Drug,Text,
,,,Optifresh Ingredients,POLYVINYL ALCOHOL + POVIDONE K-29/32,Drug,Text,
,,,Salibet Ingredients,BETAMETHASONE DIPROPIONATE + SALICYLIC ACID,Drug,Text,
,,,Abacavir,ABACAVIR,Drug,Text,
,,,Ganirelix,GANIRELIX,Drug,Text,
,,,Fevadol Extra Ingredients,PARACETAMOL + CAFFEINE,Drug,Text,
,,,Follitropin Beta,FOLLITROPIN BETA,Drug,Text,
,,,Venlafaxine,VENLAFAXINE,Drug,Text,
,,,Brinzolamide,BRINZOLAMIDE,Drug,Text,
,,,Flumed Ingredients,CHLORPHENIRAMINE MALEATE + PSEUDOEPHEDRINE HCL,Drug,Text,
,,,Nystatin,NYSTATIN,Drug,Text,
,,,Ocured Ingredients,ANTAZOLINE SULFATE + NAPHAZOLINE NITRATE,Drug,Text,
,,,Trizivir Ingredients,ABACAVIR + LAMIVUDINE + ZIDOVUDINE,Drug,Text,
,,,Lomefloxacin,LOMEFLOXACIN,Drug,Text,
,,,Amikacin Sulfate,AMIKACIN SULFATE,Drug,Text,
,,,Thiamine HCl,THIAMINE HCL,Drug,Text,
,,,Etoricoxib,ETORICOXIB,Drug,Text,
,,,Recombinant Interferon Beta-1B,RECOMBINANT INTERFERON BETA-1B,Drug,Text,
,,,Darbepoetin Alfa,DARBEPOETIN ALFA,Drug,Text,
,,,Noscam Ingredients,ANTAZOLINE SULFATE + NAPHAZOLINE NITRATE,Drug,Text,
,,,Leflunomide,LEFLUNOMIDE,Drug,Text,
,,,Carbimazole,CARBIMAZOLE,Drug,Text,
,,,Flavoxate HCl,FLAVOXATE HCL,Drug,Text,
,,,Menotrophin (Fsh & Lh),MENOTROPHIN (FSH & LH),Drug,Text,
,,,Decatylene Ingredients,DEQUALINIUM CHLORIDE + DIBUCAINE HCL,Drug,Text,
,,,Zinc Gluconate,ZINC GLUCONATE,Drug,Text,
,,,Betazol Ingredients,BETAMETHASONE DIPROPIONATE + MICONAZOLE NITRATE,Drug,Text,
,,,Adol Extra Ingredients,PARACETAMOL + CAFFEINE,Drug,Text,
,,,Folicron Ingredients,FERROUS SULFATE 150MG + FOLIC ACID 500MCG,Drug,Text,
,,,Theophylline (Anhydrous),THEOPHYLLINE (ANHYDROUS),Drug,Text,
,,,Vitamin A+D Drops Ingredients,VIT A + VIT D3,Drug,Text,
,,,Gliclazide,GLICLAZIDE,Drug,Text,
,,,Filgrastim,FILGRASTIM,Drug,Text,
,,,Acetylcysteine,ACETYLCYSTEINE,Drug,Text,
,,,Reteplase,RETEPLASE,Drug,Text,
,,,Fluorometholone,FLUOROMETHOLONE,Drug,Text,
,,,Flutab Sinus Ingredients,PARACETAMOL + PSEUDOEPHEDRINE HCL,Drug,Text,
,,,Sapofen Cold And Flu Ingredients,IBUPROFEN + PSEUDOEPHEDRINE HCL,Drug,Text,
,,,Strepsils Plus Ingredients,"2, 4 - DICHLOROBENZYL ALCOHOL + AMYLMETACRESOL + LIDOCAINE HCL",Drug,Text,
,,,Cefdinir,CEFDINIR,Drug,Text,
,,,Accuzide Ingredients,HYDROCHLOROTHIAZIDE + QUINAPRIL,Drug,Text,
,,,Salbutamol Sulphate,SALBUTAMOL SULPHATE,Drug,Text,
,,,Mentex Ingredients,DIPHENHYDRAMINE HCL 12.5MG/5ML + DEXTROMETHORPHAN HYDROBROMIDE 15MG/5ML + PSEUDOEPHEDRINE HCL 30MG/5ML + AMMONIUM CHLORIDE 125MG/5ML + SODIUM CITRATE 57MG/5ML + MENTHOL 1MG/5ML,Drug,Text,
,,,Xalacom Ingredients,LATANOPROST + TIMOLOL,Drug,Text,
,,,Glibenclamide + Metformin HCl,GLIBENCLAMIDE + METFORMIN HCL,Drug,Text,
,,,Amoclan Bid Ingredients,AMOXICILLIN + CLAVULANIC ACID,Drug,Text,
,,,Pantoprazole Sodium,PANTOPRAZOLE SODIUM,Drug,Text,
,,,Tiotropium Bromide,TIOTROPIUM BROMIDE,Drug,Text,
,,,Norethisterone,NORETHISTERONE,Drug,Text,
,,,Naphazoline Nitrate,NAPHAZOLINE NITRATE,Drug,Text,
,,,Ors (Oral Rehydration Salt) Ingredients,SODIUM CHLORIDE + POTASSIUM CHLORIDE + TRISODIUM CITRATE DIHYDRATE + ANHYDROUS DEXTROSE,Drug,Text,
,,,Bupropion HCl,BUPROPION HCL,Drug,Text,
,,,Escitalopram,ESCITALOPRAM,Drug,Text,
,,,Caspofungin Acetate,CASPOFUNGIN ACETATE,Drug,Text,
,,,Insulin Glargine,INSULIN GLARGINE,Drug,Text,
,,,Levocetirizine Dihydrochloride,LEVOCETIRIZINE DIHYDROCHLORIDE,Drug,Text,
,,,Parecoxib,PARECOXIB,Drug,Text,
,,,Eletriptan Hydrobromide,ELETRIPTAN HYDROBROMIDE,Drug,Text,
,,,Sirolimus,SIROLIMUS,Drug,Text,
,,,Enhancin Ingredients,AMOXICILLIN + CLAVULANIC ACID,Drug,Text,
,,,Micardis Plus Ingredients,TELMISARTAN + HYDROCHLOROTHIAZIDE,Drug,Text,
,,,Ziprasidone HCl,ZIPRASIDONE HCL,Drug,Text,
,,,Ezetimibe,EZETIMIBE,Drug,Text,
,,,Ertapenem,ERTAPENEM,Drug,Text,
,,,Curam Ingredients,AMOXICILLIN + CLAVULANIC ACID,Drug,Text,
,,,Tadalafil,TADALAFIL,Drug,Text,
,,,Biphasic Insulin Aspart,BIPHASIC INSULIN ASPART,Drug,Text,
,,,Insulin Aspart,INSULIN ASPART,Drug,Text,
,,,Atropine Sulfate,ATROPINE SULFATE,Drug,Text,
,,,Neodex Ingredients,DEXAMETHASONE + NEOMYCIN SULFATE,Drug,Text,
,,,Tinzaparin Sodium,TINZAPARIN SODIUM,Drug,Text,
,,,Valganciclovir,VALGANCICLOVIR,Drug,Text,
,,,Baneocin Ingredients,BACITRACIN ZINC + NEOMYCIN SULFATE,Drug,Text,
,,,Daivobet Ingredients,BETAMETHASONE DIPROPIONATE + CALCIPOTRIOL,Drug,Text,
,,,Mycophenolic Acid,MYCOPHENOLIC ACID,Drug,Text,
,,,Enemax Ingredients,DISODIUM PHOSPHATE + MONOSODIUM PHOSPHATE,Drug,Text,
,,,Rosuvastatin Calcium,ROSUVASTATIN CALCIUM,Drug,Text,
,,,Brimonidine Tartrate,BRIMONIDINE TARTRATE,Drug,Text,
,,,Pimecrolimus,PIMECROLIMUS,Drug,Text,
,,,Vecuronium Bromide,VECURONIUM BROMIDE,Drug,Text,
,,,Naftifine HCl,NAFTIFINE HCL,Drug,Text,
,,,Atacand Plus Ingredients,CANDESARTAN CILEXETIL + HYDROCHLOROTHIAZIDE,Drug,Text,
,,,Vardenafil,VARDENAFIL,Drug,Text,
,,,Somatropin,SOMATROPIN,Drug,Text,
,,,Milnacipran,MILNACIPRAN,Drug,Text,
,,,Nurofen Cold And Flu Ingredients,IBUPROFEN + PSEUDOEPHEDRINE HCL,Drug,Text,
,,,Pioglitazone HCl,PIOGLITAZONE HCL,Drug,Text,
,,,Fluca Ingredients,FLUOROMETHOLONE + SODIUM CROMOGLICATE,Drug,Text,
,,,Croma Ingredients,SODIUM CROMOGLICATE + TETRAHYDROZOLINE HCL,Drug,Text,
,,,Fusibact-B Ingredients,BETAMETHASONE VALERATE + FUSIDIC ACID,Drug,Text,
,,,Ribavirin,RIBAVIRIN,Drug,Text,
,,,Roxithromycin,ROXITHROMYCIN,Drug,Text,
,,,Ziprasidone,ZIPRASIDONE,Drug,Text,
,,,Adalimumab,ADALIMUMAB,Drug,Text,
,,,Oculac Ingredients,SODIUM CHLORIDE + HYPROMELLOSE,Drug,Text,
,,,Earcalm Ingredients,PHENAZONE + BENZOCAINE,Drug,Text,
,,,Dried Ferrous Sulfate,DRIED FERROUS SULFATE,Drug,Text,
,,,Otilonium Bromide,OTILONIUM BROMIDE,Drug,Text,
,,,Gloclav Ingredients,AMOXICILLIN + CLAVULANIC ACID,Drug,Text,
,,,Nuvaring Ingredients,ETHINYLESTRADIOL + ETONOGESTREL,Drug,Text,
,,,Trimetazidine Dihydrochloride,TRIMETAZIDINE DIHYDROCHLORIDE,Drug,Text,
,,,Advil Cold And Sinus Ingredients,IBUPROFEN + PSEUDOEPHEDRINE HCL,Drug,Text,
,,,Memantine HCl,MEMANTINE HCL,Drug,Text,
,,,Tarka Ingredients,TRANDOLAPRIL + VERAPAMIL HCL,Drug,Text,
,,,Ca-C 1000 Sandoz Ingredients,ASCORBIC ACID + CALCIUM CARBONATE + CALCIUM LACTATE-GLUCONATE,Drug,Text,
,,,Calcium - Sandoz Forte Ingredients,CALCIUM CARBONATE + CALCIUM LACTATE GLUCONOATE,Drug,Text,
,,,Gaviscon Advance Ingredients,SODIUM ALGINATE + POTASSIUM BICARBONATE,Drug,Text,
,,,Cirrus Ingredients,CETIRIZINE DIHYDROCHLORIDE + PSEUDOEPHEDRINE HCL,Drug,Text,
,,,Theophylline Hydrate,THEOPHYLLINE HYDRATE,Drug,Text,
,,,Gefitinib,GEFITINIB,Drug,Text,
,,,Human Albumin,HUMAN ALBUMIN,Drug,Text,
,,,Loxtra Ingredients,OFLOXACIN + PREDNISOLONE ACETATE + TETRAHYDROZOLINE HCL,Drug,Text,
,,,Freeze Dried Human Coagulation,FREEZE DRIED HUMAN COAGULATION,Drug,Text,
,,,Megamox Ingredients,AMOXICILLIN + CLAVULANIC ACID,Drug,Text,
,,,Jogel Ingredients,JOJOBA OIL + LIDOCAINE HCL,Drug,Text,
,,,Neuroton Ingredients,THIAMINE HCL 250MG + PYRIDOXINE HCL 200MG + CYANOCOBALAMIN 0.25MG + RIBOFLAVIN 15MG + FOLIC ACID 0.5MG,Drug,Text,
,,,Topotecan HCl,TOPOTECAN HCL,Drug,Text,
,,,Lercanidipine,LERCANIDIPINE,Drug,Text,
,,,Teriparatide,TERIPARATIDE,Drug,Text,
,,,Imiquimod,IMIQUIMOD,Drug,Text,
,,,Zinc Oxide,ZINC OXIDE,Drug,Text,
,,,Cetirizine Dihydrochloride,CETIRIZINE DIHYDROCHLORIDE,Drug,Text,
,,,Anti-D Immunoglobulin,ANTI-D IMMUNOGLOBULIN,Drug,Text,
,,,Elica-M Ingredients,MICONAZOLE NITRATE + MOMETASONE FUROATE,Drug,Text,
,,,Carboxymethyl Cysteine,CARBOXYMETHYL CYSTEINE,Drug,Text,
,,,Mr.Tumee Ingredients,ASCORBIC ACID + ECHINACEA + SODIUM + ZINC,Drug,Text,
,,,Urofollitropin,UROFOLLITROPIN,Drug,Text,
,,,Human Menopausal Gonadotropin,HUMAN MENOPAUSAL GONADOTROPIN,Drug,Text,
,,,Dimenhydrinate,DIMENHYDRINATE,Drug,Text,
,,,Allergetin Ingredients,CHLORPHENIRAMINE MALEATE + PSEUDOEPHEDRINE HCL,Drug,Text,
,,,Coaprovel Ingredients,IRBESARTAN + HYDROCHLOROTHIAZIDE,Drug,Text,
,,,Omega-3-Acid Ethyl Esters,OMEGA-3-ACID ETHYL ESTERS,Drug,Text,
,,,Unifed Extra Ingredients,TRIPROLIDINE HCL + PSEUDOEPHEDRINE HCL + DEXTROMETORPHAN HBR + GUAIFENESIN,Drug,Text,
,,,Isoconazole Nitrate,ISOCONAZOLE NITRATE,Drug,Text,
,,,Azonit-D Ingredients,DIFLUCORTOLONE VALERATE + ISOCONAZOLE NITRATE,Drug,Text,
,,,Lodoz Ingredients,BISOPROLOL FUMARATE + HYDROCHLOROTHIAZIDE,Drug,Text,
,,,Evra Ingredients,ETHINYLESTRADIOL + NORELGESTROMIN,Drug,Text,
,,,Medacid Ingredients,ALUMINIUM HYDROXIDE + MAGNESIUM HYDROXIDE,Drug,Text,
,,,Medacid Plus Ingredients,ALUMINIUM HYDROXIDE + MAGNESIUM HYDROXIDE + SIMETHICONE,Drug,Text,
,,,Diphelin Paediatric Ingredients,DIPHENHYDRAMINE HCL + MENTHOL + SODIUM CITRATE,Drug,Text,
,,,Bortezomib (As Mannitol Boronic Ester),BORTEZOMIB (AS MANNITOL BORONIC ESTER),Drug,Text,
,,,Efavirenz,EFAVIRENZ,Drug,Text,
,,,Elicasal Ingredients,MOMETASONE FUROATE + SALICYLIC ACID,Drug,Text,
,,,Bevacizumab,BEVACIZUMAB,Drug,Text,
,,,Atomoxetine HCl,ATOMOXETINE HCL,Drug,Text,
,,,Diphelin Ingredients,DIPHENHYDRAMINE HCL + MENTHOL + SODIUM CITRATE,Drug,Text,
,,,Gatifloxacin,GATIFLOXACIN,Drug,Text,
,,,Omacid Ingredients,ALUMINIUM HYDROXIDE + MAGNESIUM HYDROXIDE,Drug,Text,
,,,Cefradine,CEFRADINE,Drug,Text,
,,,Amydramine Expectorant (Sugar Free) Ingredients,DIPHENHYDRAMINE HCL + AMMONIUM CHLORIDE + SODIUM CITRATE + MENTHOL,Drug,Text,
,,,Insulin Detemir Rdna,INSULIN DETEMIR RDNA,Drug,Text,
,,,Inegy Ingredients,EZETIMIBE + SIMVASTATIN,Drug,Text,
,,,Cyclo 3 Fort Ingredients,DRY RUSCUS EXTRACT TITRATED IN STEROLIC HETEROSIDES + HESPERIDIN METHYL CHALCONE + ASCORBIC ACID,Drug,Text,
,,,Levobupivacaine HCl,LEVOBUPIVACAINE HCL,Drug,Text,
,,,Etamsylate,ETAMSYLATE,Drug,Text,
,,,Infanrix Hexa Ingredients,DIPTHERIA TOXOID NLT 30IU/0.5ML + TETANUS TOXOID NLT 40IU/0.5ML + PERTUSSIS TOXOID 25MCG/0.5ML + FILAMENTOUS HEMAGGLUTININ 25MCG/0.5ML + PERTACTIN 8MCG/0.5ML + R-DNA HEPATITIS B SURFACE ANTIGEN 10MCG/0.5ML + IPV TYPE 1 40DU/0.5ML + IPV TYPE 2 8DU/0.5ML + IPV TYPE 3 32DU/0.5ML + CONJUGATE OF H. INFLUENZAE TYPE B CAPSULAR POLYSACCHARIDE (PRP) AND TETANUS TOXOID + ADSORBED (PRP-T) 10MCG AND 20-40MCG/0.5ML,Drug,Text,
,,,Betonate-N Ingredients,BETAMETHASONE + NEOMYCIN SULFATE,Drug,Text,
,,,"Human Plasma Protein 50Mg, Of Which Immunoglobulin At Least 95% Igm 6Mg, Iga 6Mg, Igg 38Mg Per Ml","HUMAN PLASMA PROTEIN 50MG, OF WHICH IMMUNOGLOBULIN AT LEAST 95% IGM 6MG, IGA 6MG, IGG 38MG PER ML",Drug,Text,
,,,Erythromycin,ERYTHROMYCIN,Drug,Text,
,,,Erythromycin Ethylsuccinate,ERYTHROMYCIN ETHYLSUCCINATE,Drug,Text,
,,,Gaviscon Peppermint Ingredients,CALCIUM CARBONATE + SODIUM ALGINATE + SODIUM BICARBONATE,Drug,Text,
,,,Gaviscon Advance Peppermint Ingredients,SODIUM ALGINATE + POTASSIUM BICARBONATE,Drug,Text,
,,,Pemetrexed,PEMETREXED,Drug,Text,
,,,Viscodril Ingredients,DIPHENHYDRAMINE HCL + AMMONIUM CHLORIDE,Drug,Text,
,,,Cefditoren Pivoxil,CEFDITOREN PIVOXIL,Drug,Text,
,,,Tripofed Dm Ingredients,TRIPROLIDINE HCL + PSEUDOEPHEDRINE HCL + DEXTROMETHORPHAN HYDROBROMIDE,Drug,Text,
,,,Tripofed Expectorant Ingredients,TRIPROLIDINE HCL + PSEUDOEPHEDRINE HCL + GUAIFENESIN,Drug,Text,
,,,Terbutaline Sulfate,TERBUTALINE SULFATE,Drug,Text,
,,,Pegfilgrastim,PEGFILGRASTIM,Drug,Text,
,,,Gaviscon Extra Strength Peppermint Ingredients,CALCIUM CARBONATE + SODIUM ALGINATE + SODIUM BICARBONATE,Drug,Text,
,,,Deferasirox,DEFERASIROX,Drug,Text,
,,,Stalevo Ingredients,LEVODOPA + CARBIDOPA + ENTACAPONE,Drug,Text,
,,,Nizatidine,NIZATIDINE,Drug,Text,
,,,Loxoprofen,LOXOPROFEN,Drug,Text,
,,,Sumatriptan,SUMATRIPTAN,Drug,Text,
,,,Adefovir Dipivoxil,ADEFOVIR DIPIVOXIL,Drug,Text,
,,,Drill Lemon Mint Ingredients,CHLORHEXIDINE GLUCONATE + TETRACAINE HCL,Drug,Text,
,,,Opizole-B Ingredients,BETAMETHASONE DIPROPIONATE + CLOTRIMAZOLE,Drug,Text,
,,,Pansoral Ingredients,CHOLINE SALICYLATE + CETALKONIUM CHLORIDE,Drug,Text,
,,,Tigecycline,TIGECYCLINE,Drug,Text,
,,,Quinagolide,QUINAGOLIDE,Drug,Text,
,,,Dutasteride,DUTASTERIDE,Drug,Text,
,,,Advanced Listerine With Tartar Protection Antiseptic Ingredients,EUCALYPTOL 0.092% + MENTHOL 0.042% + METHYL SALICYLATE 0.060% + THYMOL 0.064%,Drug,Text,
,,,Mecobalamin,MECOBALAMIN,Drug,Text,
,,,Emixal Ingredients,ALUMINIUM HYDROXIDE + MAGNESIUM HYDROXIDE,Drug,Text,
,,,Influenza Virus Subunit Vaccine,INFLUENZA VIRUS SUBUNIT VACCINE,Drug,Text,
,,,Betamed-N Ingredients,BETAMETHASONE VALERATE + NEOMYCIN SULFATE,Drug,Text,
,,,Duloxetine HCl,DULOXETINE HCL,Drug,Text,
,,,Fentanyl,FENTANYL,Drug,Text,
,,,Pregabalin,PREGABALIN,Drug,Text,
,,,Caduet Ingredients,AMLODIPINE BESYLATE + ATORVASTATIN CALCIUM,Drug,Text,
,,,Erlotinib,ERLOTINIB,Drug,Text,
,,,Cefotaxime,CEFOTAXIME,Drug,Text,
,,,Voriconazole,VORICONAZOLE,Drug,Text,
,,,Entecavir,ENTECAVIR,Drug,Text,
,,,Bevason-N Ingredients,BETAMETHASONE VALERATE + NEOMYCIN SULFATE,Drug,Text,
,,,Ivabradine,IVABRADINE,Drug,Text,
,,,Cetrimide,CETRIMIDE,Drug,Text,
,,,Paricalcitol,PARICALCITOL,Drug,Text,
,,,Julmentin 2X Ingredients,AMOXICILLIN + CLAVULANIC ACID,Drug,Text,
,,,Lorinase Ingredients,LORATADINE + PSEUDOEPHEDRINE SULFATE,Drug,Text,
,,,Vitamin B99 Complex Ingredients,ASCORBIC ACID 240MG + THIAMINE HCL 99MG + RIBOFLAVIN 99MG + NIACIN 99MG + PYRIDOXINE 99MG + FOLIC ACID 99MCG + CYANOCOBALAMIN 20MCG + BIOTIN 99MCG + PANTOTHENIC ACID 99MG + IRON 9MG + CHOLINE BITARTRATE 99MG + INOSITOL 99MG + PARA AMINO BENZOIC ACID 99MG,Drug,Text,
,,,Vit E,VIT E,Drug,Text,
,,,Plantago Ovata Seeds,PLANTAGO OVATA SEEDS,Drug,Text,
,,,Emidol Cold Ingredients,PARACETAMOL + CHLORPHENIRAMINE MALEATE + PSEUDOEPHEDRINE HCL,Drug,Text,
,,,Amol Extra Ingredients,PARACETAMOL + CAFFEINE,Drug,Text,
,,,Augmoks Ingredients,AMOXICILLIN + CLAVULANIC ACID,Drug,Text,
,,,Mupirocin Calcium,MUPIROCIN CALCIUM,Drug,Text,
,,,Augmentin Es-600 Ingredients,AMOXICILLIN + CLAVULANIC ACID,Drug,Text,
,,,Rinofed Ingredients,TRIPROLIDINE HCL + PSEUDOEPHEDRINE HCL,Drug,Text,
,,,Ramoclav Ingredients,AMOXICILLIN + CLAVULANIC ACID,Drug,Text,
,,,Rotateq Ingredients,HUMAN - BOVINE ROTAVIRUS REASSORTANTS LIVE TYPE G1 - NLT 2.2 X 106 IU + HUMAN - BOVINE ROTAVIRUS REASSORTANTS LIVE TYPE G2 - NLT 2.8 X 106 IU + HUMAN - BOVINE ROTAVIRUS REASSORTANTS LIVE TYPE G3 - NLT 2.2 X 106 IU + HUMAN - BOVINE ROTAVIRUS REASSORTANTS LIVE TYPE G4 - NLT 2.0 X 106 IU + HUMAN - BOVINE ROTAVIRUS REASSORTANTS LIVE TYPE P1A[8] - NLT 2.3 X 106 IU,Drug,Text,
,,,Testosterone,TESTOSTERONE,Drug,Text,
,,,Carbetocin,CARBETOCIN,Drug,Text,
,,,Resolve Plus Ingredients,MICONAZOLE NITRATE + HYDROCORTISONE,Drug,Text,
,,,Teveten Plus Ingredients,EPROSARTAN MESILATE + HYDROCHLOROTHIAZIDE,Drug,Text,
,,,Deferiprone,DEFERIPRONE,Drug,Text,
,,,Blopress Plus Ingredients,CANDESARTAN CILEXETIL + HYDROCHLOROTHIAZIDE,Drug,Text,
,,,Zeta-Cort Ingredients,BETAMETHASONE VALERATE + FUSIDIC ACID,Drug,Text,
,,,Sertindole,SERTINDOLE,Drug,Text,
,,,Oralite (Oral Rehydration Salts Mixture) Ingredients,DEXTROSE ANHYDROUS + SODIUM CHLORIDE + POTASSIUM CHLORIDE + SODIUM CITRATE DIHYDRATE,Drug,Text,
,,,Profinal Xp Ingredients,IBUPROFEN + CAFFEINE,Drug,Text,
,,,Sunitinib Malate,SUNITINIB MALATE,Drug,Text,
,,,Perindopril Arginine,PERINDOPRIL ARGININE,Drug,Text,
,,,Alka-Ur Ingredients,CITRIC ACID + SODIUM BICARBONATE + TARTARIC ACID + TRISODIUM CITRATE,Drug,Text,
,,,Beclomethasone Dipropionate,BECLOMETHASONE DIPROPIONATE,Drug,Text,
,,,Lapatinib Ditosylate,LAPATINIB DITOSYLATE,Drug,Text,
,,,Omol Extra Ingredients,PARACETAMOL + CAFFEINE,Drug,Text,
,,,Lyophilized Lysate Of E.Coli,LYOPHILIZED LYSATE OF E.COLI,Drug,Text,
,,,Varenicline,VARENICLINE,Drug,Text,
,,,Topizone Ingredients,BETAMETHASONE VALERATE + FUSIDIC ACID,Drug,Text,
,,,Hydroquinone,HYDROQUINONE,Drug,Text,
,,,Bronkospan Ingredients,BROMHEXINE HCL + GUAIFENESIN + SALBUTAMOL SULFATE,Drug,Text,
,,,Dexpanthenol,DEXPANTHENOL,Drug,Text,
,,,Babyvit Ingredients,VITAMIN A (1000IU) 300MCG/ML + VITAMIN D (400IU) 10MCG/ML + VITAMIN E (7IU) 5MG/ML + ASCORBIC ACID 50MG/ML + THIAMINE 1.07MG/ML + RIBOFLAVIN 0.4MG/ML + NICOTINAMIDE 8MG/ML + PYRIDOXINE 0.4MG/ML + FOLIC ACID 55MCG/ML + CYANOCOBALAMIN 2MCG/ML,Drug,Text,
,,,Zinc Sulfate,ZINC SULFATE,Drug,Text,
,,,5% Dextrose In 0.9% W/V Sodium Chlori Ingredients,DEXTROSE MONOHYDRATE + SODIUM CHLORIDE,Drug,Text,
,,,5% Dextrose In 0.45% Sodium Chloride Ingredients,DEXTROSE MONOHYDRATE + SODIUM CHLORIDE,Drug,Text,
,,,5% Dextrose In 0.18% Sodium Chloride Ingredients,DEXTROSE MONOHYDRATE + SODIUM CHLORIDE,Drug,Text,
,,,Babylyte (Ors) Ingredients,DEXTROSE AS MONOHYDRATE 25G/L + SODIUM CHLORIDE 2.045G/L + POTASSIUM CITRATE 2.162 G/L + SODIUM CITRATE 0.980 G/L,Drug,Text,
,,,Ors New Ingredients,SODIUM CHLORIDE + POTASSIUM CHLORIDE + TRISODIUM CITRATE DIHYDRATE + ANHYDROUS DEXTROSE,Drug,Text,
,,,Enalapril Maleate,ENALAPRIL MALEATE,Drug,Text,
,,,Exforge Ingredients,AMLODIPINE BESYLATE + VALSARTAN,Drug,Text,
,,,Sitagliptin Phosphate,SITAGLIPTIN PHOSPHATE,Drug,Text,
,,,Cervarix Ingredients,HUMAN PAPILLOMAVIRUS -16 L1 PROTEIN + HUMAN PAPILLOMAVIRUS -18 L1 PROTEIN,Drug,Text,
,,,Ranibizumab,RANIBIZUMAB,Drug,Text,
,,,Oxaliplatin,OXALIPLATIN,Drug,Text,
,,,Etanercept,ETANERCEPT,Drug,Text,
,,,Hyoscine N Butylbromind ,HYOSCINE N BUTYLBROMIND ,Drug,Text,
,,,Gardasil Ingredients,TYPE 6 L1 PROTEIN 20MCG/0.5ML + TYPE 11 L1 PROTEIN 40MCG/0.5ML + TYPE 16 L1 PROTEIN 40MCG/0.5ML + TYPE 18 L1 PROTEIN 20MCG/0.5ML,Drug,Text,
,,,Everolimus,EVEROLIMUS,Drug,Text,
,,,Methoxy Polyethylene Glycol-Epoetin Beta,METHOXY POLYETHYLENE GLYCOL-EPOETIN BETA,Drug,Text,
,,,Olmesartan Medoxomil,OLMESARTAN MEDOXOMIL,Drug,Text,
,,,Nilotinib HCl,NILOTINIB HCL,Drug,Text,
,,,Interferon Beta-1A,INTERFERON BETA-1A,Drug,Text,
,,,Olopatadine HCl,OLOPATADINE HCL,Drug,Text,
,,,Medaclav Ingredients,AMOXICILLIN + CLAVULANIC ACID,Drug,Text,
,,,Calvitalis Ingredients,CALCIUM LACTATE GLUCONATE 40MG/5ML + ASCORBIC ACID 50MG/5ML + VIT E ACETATE 1MG/5ML + DEXAPANTHENOL 2MG/5ML + NICOTINAMIDE 5MG/5ML + PYRIDOXINE HCL 0.5MG/5ML + RIBOFLAVIN 1MG/5ML + THIAMINE HCL 1MG/5ML + COLECALCIFEROL 0.0025MG/5ML + VIT A 0.705MG/5ML,Drug,Text,
,,,Fluticasone Furoate,FLUTICASONE FUROATE,Drug,Text,
,,,Cetrorelix Acetate,CETRORELIX ACETATE,Drug,Text,
,,,Choriogonadotropin Alfa,CHORIOGONADOTROPIN ALFA,Drug,Text,
,,,Fenticonazole Nitrate,FENTICONAZOLE NITRATE,Drug,Text,
,,,Cinacalcet HCl,CINACALCET HCL,Drug,Text,
,,,Sucralfate,SUCRALFATE,Drug,Text,
,,,Exenatide,EXENATIDE,Drug,Text,
,,,Insulin Lispro,INSULIN LISPRO,Drug,Text,
,,,Insulin Lispro (25% Insulin Lispro And 75% Insulin Lispro Protamine Suspension(Rdna Origin)),INSULIN LISPRO (25% INSULIN LISPRO AND 75% INSULIN LISPRO PROTAMINE SUSPENSION(RDNA ORIGIN)),Drug,Text,
,,,Insulin Lispro (50% Insulin Lispro And 50% Insulin Lispro Protamine Suspension(Rdna Origin)),INSULIN LISPRO (50% INSULIN LISPRO AND 50% INSULIN LISPRO PROTAMINE SUSPENSION(RDNA ORIGIN)),Drug,Text,
,,,Fosavance Ingredients,ALENDRONIC ACID 70MG + COLECALCIFEROL (VIT D) 5600IU,Drug,Text,
,,,Dexatrol Ingredients,DEXAMETHASONE 1MG/ML + NEOMYCIN SULFATE 3.5MG/ML + POLYMYXIN B SULFATE 6000IU/ML,Drug,Text,
,,,Natalizumab,NATALIZUMAB,Drug,Text,
,,,Gemifloxacin Mesylate,GEMIFLOXACIN MESYLATE,Drug,Text,
,,,Highly Purified Urinary Follicle Stimulating Hormo,HIGHLY PURIFIED URINARY FOLLICLE STIMULATING HORMO,Drug,Text,
,,,Duotrav Ingredients,TIMOLOL MALEATE 5MG/ML + TRAVOPROST 40MCG/ML,Drug,Text,
,,,Ramipril,RAMIPRIL,Drug,Text,
,,,Rotigotine,ROTIGOTINE,Drug,Text,
,,,Ferrofol Ingredients,DRIED FERROUS SULFATE + FOLIC ACID,Drug,Text,
,,,Benzydamine HCl,BENZYDAMINE HCL,Drug,Text,
,,,Iron (Iii) Hydroxide Polymaltose Complex,IRON (III) HYDROXIDE POLYMALTOSE COMPLEX,Drug,Text,
,,,Pectomed Ingredients,GUAIFENESIN + PSEUDOEPHEDRINE HCL + TRIPROLIDINE HCL,Drug,Text,
,,,Bronchophane Ingredients,DEXTROMETHORPHAN HYDROBROMIDE + EPHEDRINE HCL + GUAIPHENESIN + DIPHENHYDRAMINE HCL,Drug,Text,
,,,Paliperidone,PALIPERIDONE,Drug,Text,
,,,Fondaparinux Sodium,FONDAPARINUX SODIUM,Drug,Text,
,,,Dabigatran Etexilate Mesilate,DABIGATRAN ETEXILATE MESILATE,Drug,Text,
,,,Neo-Pol Ingredients,NEOMYCIN SULFATE 3.5MG/ML + POLYMYXIN B SULFATE 16250IU/ML,Drug,Text,
,,,Dasatinib,DASATINIB,Drug,Text,
,,,Tears Natural Free Ingredients,DEXTRAN 70 + HYPROMELLOSE,Drug,Text,
,,,Insulin Glulisine,INSULIN GLULISINE,Drug,Text,
,,,Posaconazole,POSACONAZOLE,Drug,Text,
,,,Vildagliptin,VILDAGLIPTIN,Drug,Text,
,,,Chorionic Gonadotropin,CHORIONIC GONADOTROPIN,Drug,Text,
,,,Epinosine B Forte Ingredients,ADENOSINE TRIPHOSPHATE + COCARBOXYLASE  + NICOTINAMIDE  + CYANOCOBALAMIN ,Drug,Text,
,,,Calcicare Ingredients,CALCIUM CARBONATE 250MG/5ML + MAGNESIUM HYDROXIDE 75MG/5ML + VIT D 200IU/5ML + ZINC 2MG/5ML,Drug,Text,
,,,Vitane Ingredients,VIT A 1500IU/5ML + COLECALCIFEROL 100IU/5ML + VIT E 3MG/5ML + THIAMINE HCL 1.5MG + RIBOFLAVIN 1.5MG/5ML + PYRIDOXINE HCL 1MG/5ML + CYANOCOBALAMIN 1.5MCG/5ML + D-PANTHENOL 2.5MG/5ML + NICOTINAMIDE 5MG/5ML + ASCORBIC ACID 30MG/5ML + L-LYSINE HCL 40MG/5ML + IRON 5MG/5ML + ZINC 5MG/5ML + MAGNESIUM 10MG/5ML,Drug,Text,
,,,Dl-Alpha Tocopheryl Acetate,DL-ALPHA TOCOPHERYL ACETATE,Drug,Text,
,,,Preterax Arginine Ingredients,PERINDOPRIL ARGININE + INDAPAMIDE,Drug,Text,
,,,Bi-Preterax Arginine Ingredients,PERINDOPRIL ARGININE + INDAPAMIDE,Drug,Text,
,,,Janumet Ingredients,METFORMIN HCL + SITAGLIPTIN,Drug,Text,
,,,Galvusmet Ingredients,METFORMIN HCL + VILDAGLIPTIN,Drug,Text,
,,,Travoprost,TRAVOPROST,Drug,Text,
,,,Omalizumab,OMALIZUMAB,Drug,Text,
,,,Coveram Ingredients,PERINDOPRIL ARGININE +AMLODIPINE BESYLATE ,Drug,Text,
,,,Sodium Hyaluronate,SODIUM HYALURONATE,Drug,Text,
,,,Amaryl M Ingredients,GLIMEPIRIDE + METFORMIN HCL,Drug,Text,
,,,Cilanem Ingredients,CILASTATIN SODIUM + IMIPENEM,Drug,Text,
,,,Nifuroxazide,NIFUROXAZIDE,Drug,Text,
,,,Cefepime,CEFEPIME,Drug,Text,
,,,Coamox-Acino Ingredients,AMOXICILLIN + CLAVULANIC ACID,Drug,Text,
,,,Temsirolimus,TEMSIROLIMUS,Drug,Text,
,,,Boostrix Ingredients,DIPTHERIA TOXOID NLT 2IU/0.5ML + TETANUS TOXOID NLT 20IU/0.5ML + PERTUSSIS TOXOID 8MCG/0.5ML + FILAMENTOUS HEMAGGLUTININ 8MCG/0.5ML + PERTACTIN 2.5MCG/0.5ML,Drug,Text,
,,,Desvenlafaxine,DESVENLAFAXINE,Drug,Text,
,,,Sorafenib,SORAFENIB,Drug,Text,
,,,Synflorix Ingredients,"PNEUMOCOCCAL POLYSACCHARIDE SEROTYPES 1, 5, 6B, 7F, 9V 14 & 23F 1MCG/0.5ML + PNEUMOCOCCAL POLYSACCHARIDE SEROTYPES 4, 18C & 19F 3MCG/0.5ML",Drug,Text,
,,,Rivastigmine,RIVASTIGMINE,Drug,Text,
,,,Flurbiprofen,FLURBIPROFEN,Drug,Text,
,,,Colicez Ingredients,DILL OIL 0.005ML/ML + FENNEL OIL 0.0007 ML/ML + SIMETHICONE 40MG/ML,Drug,Text,
,,,Vitaglobin Liquid Tonic Ingredients,THIAMINE HCL 1.5MG/5ML + RIBOFLAVIN 1MG/5ML + PYRIDOXINE HCL 1MG/5ML + CYANOCOBALAMIN 2.5MCG/5ML + NICOTINAMIDE 10MG/5ML + FOLIC ACID 100MCG/5ML + D-PANTHENOL 2MG/5ML + ASCORBIC ACID 25MG/5ML + CALCIUM GLYCEROPHOSPHATE 10MG/5ML + IRON 10MG/5ML + ZINC 3MG/5ML + MANGANESE 0.25MG/5ML + COPPER 0.2MG/5ML + L-LYSINE HCL 20MG/5ML,Drug,Text,
,,,Tocilizumab,TOCILIZUMAB,Drug,Text,
,,,Clobetasone Butyrate,CLOBETASONE BUTYRATE,Drug,Text,
,,,Co-Tritace Ingredients,RAMIPRIL + HYDROCHLOROTHIAZIDE,Drug,Text,
,,,Azarga Ingredients,BRINZOLAMIDE + TIMOLOL MALEATE,Drug,Text,
,,,Rivaroxaban,RIVAROXABAN,Drug,Text,
,,,Sortiva-H Ingredients,LOSARTAN POTASSIUM + HYDROCHLOROTHIAZIDE,Drug,Text,
,,,Itopride HCl,ITOPRIDE HCL,Drug,Text,
,,,Nonacog Alfa (Recombinat Coagulation Factor Ix),NONACOG ALFA (RECOMBINAT COAGULATION FACTOR IX),Drug,Text,
,,,Raltegravir,RALTEGRAVIR,Drug,Text,
,,,Fenofibrate,FENOFIBRATE,Drug,Text,
,,,Telbivudine,TELBIVUDINE,Drug,Text,
,,,Maraviroc,MARAVIROC,Drug,Text,
,,,Defonase Ingredients,LORATADINE + PSEUDOEPHEDRINE HCL,Drug,Text,
,,,Pizotifen Maleate,PIZOTIFEN MALEATE,Drug,Text,
,,,Exforge Hct Ingredients,AMLODIPINE BESYLATE + HYDROCHLOROTHIAZIDE + VALSARTAN,Drug,Text,
,,,Hyaluronate Sodium,HYALURONATE SODIUM,Drug,Text,
,,,Liraglutide,LIRAGLUTIDE,Drug,Text,
,,,Eltrombopag Olamine,ELTROMBOPAG OLAMINE,Drug,Text,
,,,Priorix-Tetra Ingredients,LIVE ATTENUATED MEASLES VIRUS NLT 103.0 CCID50 + LIVE ATTENUATED MUMPS VIRUS NLT 104.4 CCID50 + LIVE ATTENUATED RUBELLA VIRUS NLT 103.0 CCID50 + LIVE ATTENUATED VARICELLA VIRUS NLT 103.3 PFU,Drug,Text,
,,,Atrovent Comp Hfa Ingredients,IPRATROPIUM BROMIDE + FENOTEROL HYDROBROMIDE,Drug,Text,
,,,Moroctocog Alfa,MOROCTOCOG ALFA,Drug,Text,
,,,Tamsulosin HCl,TAMSULOSIN HCL,Drug,Text,
,,,Solifenacin Succinate,SOLIFENACIN SUCCINATE,Drug,Text,
,,,Bemiparin Sodium,BEMIPARIN SODIUM,Drug,Text,
,,,Stopkof Ingredients,AMMONIUM CHLORIDE + DIPHENHYDRAMINE HCL,Drug,Text,
,,,Daptomycin,DAPTOMYCIN,Drug,Text,
,,,Aprepitant,APREPITANT,Drug,Text,
,,,Degarelix (As Acetate),DEGARELIX (AS ACETATE),Drug,Text,
,,,Serenoa Repens,SERENOA REPENS,Drug,Text,
,,,Qv Flare Up Bath Oil Ingredients,BENZALKONIUM CHLORIDE + PARAFFIN LIQUID + TRICLOSAN,Drug,Text,
,,,Pyridostigmine Bromide,PYRIDOSTIGMINE BROMIDE,Drug,Text,
,,,Lenalidomide,LENALIDOMIDE,Drug,Text,
,,,Tizanidine,TIZANIDINE,Drug,Text,
,,,Cefprozil,CEFPROZIL,Drug,Text,
,,,Calamine Ingredients,CALAMINE + ZINC OXIDE,Drug,Text,
,,,Indacaterol,INDACATEROL,Drug,Text,
,,,Clavodar Ingredients,AMOXICILLIN + CLAVULANIC ACID,Drug,Text,
,,,Piperacillin-Tazobactam Sandoz Ingredients,PIPERACILLIN SODIUM + TAZOBACTAM SODIUM,Drug,Text,
,,,Revacod Ingredients,PARACETAMOL + CODEINE,Drug,Text,
,,,Saxagliptin,SAXAGLIPTIN,Drug,Text,
,,,Coamox Acino Ingredients,AMOXICILLIN + CLAVULANIC ACID,Drug,Text,
,,,Aerinaze Ingredients,DESLORATADINE + PSEUDOEPHEDRINE SULFATE,Drug,Text,
,,,Eptacog Alfa (Activated),EPTACOG ALFA (ACTIVATED),Drug,Text,
,,,Hydrocortisone Acetate,HYDROCORTISONE ACETATE,Drug,Text,
,,,Prizma Ingredients,PIPERACILLIN SODIUM + TAZOBACTAM SODIUM,Drug,Text,
,,,Ivy Leaf Dried Extract,IVY LEAF DRIED EXTRACT,Drug,Text,
,,,Neoclav Ingredients,AMOXICILLIN + CLAVULANIC ACID,Drug,Text,
,,,Pergoveris Ingredients,FOLLITROPIN ALFA + LUTROPIN ALFA,Drug,Text,
,,,Pazopanib HCl,PAZOPANIB HCL,Drug,Text,
,,,Amphotericin B (Lipid Complex),AMPHOTERICIN B (LIPID COMPLEX),Drug,Text,
,,,Myogesic Ingredients,ORPHENADRINE CITRATE + PARACETAMOL,Drug,Text,
,,,Agomelatine,AGOMELATINE,Drug,Text,
,,,Omol Cold & Flu Ingredients,PARACETAMOL + PSEUDOEPHEDRINE HCL + CHLORPHENIRAMINE MALEATE,Drug,Text,
,,,Spores Of Poly-Antibiotic Resistant Bacillus Clausii,SPORES OF POLY-ANTIBIOTIC RESISTANT BACILLUS CLAUSII,Drug,Text,
,,,Nonoxynol 9,NONOXYNOL 9,Drug,Text,
,,,Glibeta Ingredients,GLYBURIDE + METFORMIN HCL,Drug,Text,
,,,Canakinumab,CANAKINUMAB,Drug,Text,
,,,Fingolimod HCl,FINGOLIMOD HCL,Drug,Text,
,,,Anidulafungin,ANIDULAFUNGIN,Drug,Text,
,,,Trabectedin,TRABECTEDIN,Drug,Text,
,,,Amaryl M Sr Ingredients,GLIMEPIRIDE + METFORMIN HCL,Drug,Text,
,,,Iron Sucrose,IRON SUCROSE,Drug,Text,
,,,Coldrin Ingredients,PSEUDOEPHEDRINE HCL + TRIPROLIDINE HCL,Drug,Text,
,,,Docetaxel,DOCETAXEL,Drug,Text,
,,,Lohist-Extra Ingredients,LORATADINE + PSEUDOEPHEDRINE HCL,Drug,Text,
,,,"Human Rotavirus, Live Attenuated Rix4414 Strain Nlt 10^6.0 Ccid50/1.5Ml","HUMAN ROTAVIRUS, LIVE ATTENUATED RIX4414 STRAIN NLT 10^6.0 CCID50/1.5ML",Drug,Text,
,,,Ezaderm Ingredients,FUSIDIC ACID + BETAMETHASONE VALERATE,Drug,Text,
,,,Dioclav Ingredients,AMOXICILLIN + CLAVULANIC ACID,Drug,Text,
,,,Ticagrelor,TICAGRELOR,Drug,Text,
,,,Resolve Nappy Rash Ingredients,MICONAZOLE + ZINC OXIDE,Drug,Text,
,,,Gliconorm Ingredients,GLIBENCLAMIDE + METFORMIN HCL,Drug,Text,
,,,Perindopril Tert-Butylamine,PERINDOPRIL TERT-BUTYLAMINE,Drug,Text,
,,,Clodronate Disodium,CLODRONATE DISODIUM,Drug,Text,
,,,Zanipress Ingredients,LERCANIDIPINE HCL + ENALAPRIL MALEATE,Drug,Text,
,,,Sulbutiamine,SULBUTIAMINE,Drug,Text,
,,,Olmetec Plus Ingredients,OLMESARTAN MEDOXOMIL + HYDROCHLOROTHIAZIDE,Drug,Text,
,,,Aurotaz-P Ingredients,PIPERACILLIN SODIUM + TAZOBACTAM SODIUM,Drug,Text,
,,,Abiraterone Acetate,ABIRATERONE ACETATE,Drug,Text,
,,,Panadol Sinus Relief Pe Ingredients,PARACETAMOL + PHENYLEPHRINE HCL,Drug,Text,
,,,Panadol Cold & Flu Night Relief Pe Ingredients,PARACETAMOL + CHLORPHENIRAMINE MALEATE + PHENYLEPHRINE HCL,Drug,Text,
,,,Systane Ultra Ud Ingredients,HYDROXYPROPYL GUAR 8A 1.6 - 1.9MG + POLYETHYLENE GLYCOL 400 4MG + PROPYLENE GLYCOL 3MG + SORBITOL 14MG + POTASSIUM CHLORIDE 1.2MG + SODIUM CHLORIDE 1MG + BORIC ACID 7MG,Drug,Text,
,,,Gaviscon Double Action Liquid Ingredients,CALCIUM CARBONATE + SODIUM ALGINATE + SODIUM BICARBONATE,Drug,Text,
,,,Ofatumumab,OFATUMUMAB,Drug,Text,
,,,Clostridium Botulinum Type A Toxin Haemagglutinn Complex,CLOSTRIDIUM BOTULINUM TYPE A TOXIN HAEMAGGLUTINN COMPLEX,Drug,Text,
,,,Ritonavir,RITONAVIR,Drug,Text,
,,,Leuprorelin Acetate,LEUPRORELIN ACETATE,Drug,Text,
,,,Twynsta Ingredients,TELMISARTAN + AMLODEPINE BESYLATE,Drug,Text,
,,,Panda Extra Ingredients,PARACETAMOL + CAFFEINE,Drug,Text,
,,,Acetaminophen,ACETAMINOPHEN,Drug,Text,
,,,Kombiglyze Xr Ingredients,SAXAGLIPTIN + METFORMIN HCL,Drug,Text,
,,,Aramen Ingredients,MENINGOCOCCAL GROUP A 10MCG/0.5ML + MENINGOCOCCAL GROUP C 5MCG/0.5ML + MENINGOCOCCAL GROUP W-135 5MCG/0.5ML + MENINGOCOCCAL GROUP Y 5MCG/0.5ML,Drug,Text,
,,,Ginette 35 Ingredients,CYPROTERONE ACETATE + ETHINYLESTRADIOL,Drug,Text,
,,,Eperisone HCl,EPERISONE HCL,Drug,Text,
,,,Lutropin Alfa,LUTROPIN ALFA,Drug,Text,
,,,Ceftriaxone Disodium Hemiheptahydrate,CEFTRIAXONE DISODIUM HEMIHEPTAHYDRATE,Drug,Text,
,,,Fentanyl Citrate,FENTANYL CITRATE,Drug,Text,
,,,Azelastine HCl,AZELASTINE HCL,Drug,Text,
,,,Crizotinib,CRIZOTINIB,Drug,Text,
,,,Yaz Ingredients,DROSPIRENONE + ETHINYLESTRADIOL,Drug,Text,
,,,Apixaban,APIXABAN,Drug,Text,
,,,Prucalopride Succinate,PRUCALOPRIDE SUCCINATE,Drug,Text,
,,,Denosumab,DENOSUMAB,Drug,Text,
,,,Panitumumab,PANITUMUMAB,Drug,Text,
,,,Drospirenone,DROSPIRENONE,Drug,Text,
,,,Human Normal Immunoglobulin,HUMAN NORMAL IMMUNOGLOBULIN,Drug,Text,
,,,Golimumab,GOLIMUMAB,Drug,Text,
,,,Pertuzumab,PERTUZUMAB,Drug,Text,
,,,Triamcinolone Acetonide,TRIAMCINOLONE ACETONIDE,Drug,Text,
,,,Gaviscon Double Action Ingredients,CALCIUM CARBONATE + SODIUM ALGINATE + SODIUM BICARBONATE,Drug,Text,
,,,"Antihemophilic Factor (Recombinant)Viii, Formulated With Sucrose","ANTIHEMOPHILIC FACTOR (RECOMBINANT)VIII, FORMULATED WITH SUCROSE",Drug,Text,
,,,Prednisolone Sodium Phosphate,PREDNISOLONE SODIUM PHOSPHATE,Drug,Text,
,,,Hydroxyethyl Starch 6%,HYDROXYETHYL STARCH 6%,Drug,Text,
,,,Koact Ingredients,AMOXICILLIN + CLAVULANIC ACID,Drug,Text,
,,,Dextrose 5% And Sodium Chloride 0.9% Ingredients,DEXTROSE + SODIUM CHLORIDE,Drug,Text,
,,,Dextrose 5% And Sodium Chloride 0.2% Ingredients,DEXTROSE + SODIUM CHLORIDE,Drug,Text,
,,,Dextrose,DEXTROSE,Drug,Text,
,,,Dienogest,DIENOGEST,Drug,Text,
,,,Temozolomide,TEMOZOLOMIDE,Drug,Text,
,,,Ceftazidime (For Pentahydrate),CEFTAZIDIME (FOR PENTAHYDRATE),Drug,Text,
,,,Ephedrine HCl,EPHEDRINE HCL,Drug,Text,
,,,Methadone,METHADONE,Drug,Text,
,,,Glycopyrronium Bromide,GLYCOPYRRONIUM BROMIDE,Drug,Text,
,,,Magnesium Sulfate,MAGNESIUM SULFATE,Drug,Text,
,,,Adrenaline Acid Tartrate,ADRENALINE ACID TARTRATE,Drug,Text,
,,,Ringers Lact. Solu. For Iv Inf. In Viaflex Ingredients,SODIUM CHLORIDE + CALCIUM CHLORIDE DIHYDRATE + POTASSIUM CHLORIDE + SODIUM LACTATE,Drug,Text,
,,,Compound Sodium Lactate Infusion Ingredients,SODIUM CHLORIDE 6G/L + POTASSIUM CHLORIDE 0.40G/L + CALCIUM CHLORIDE 2H2O 0.27G/L + SODIUM LACTATE 3.20G/L,Drug,Text,
,,,Potassium Chloride,POTASSIUM CHLORIDE,Drug,Text,
,,,Palonosetron HCl,PALONOSETRON HCL,Drug,Text,
,,,Nilotinib HCl Monohydrate,NILOTINIB HCL MONOHYDRATE,Drug,Text,
,,,Dextrose 5% & Sodium Chloride 0.2% Iv Infusion In Viaflex Ingredients,DEXTROSE MONOHYDRATE + SODIUM CHLORIDE,Drug,Text,
,,,Dextrose 5%& Sodium Chloride 0.45% Iv Solution In Viaflex Ingredients,DEXTROSE + SODIUM CHLORIDE,Drug,Text,
,,,Ebastine,EBASTINE,Drug,Text,
,,,Pethidine HCl,PETHIDINE HCL,Drug,Text,
,,,Corifollitropin Alfa,CORIFOLLITROPIN ALFA,Drug,Text,
,,,Panadol Night Ingredients,PARACETAMOL + DIPHENHYDRAMINE HCL,Drug,Text,
,,,"Pneumococcal Polysacchride Conjugate Vaccine (13-Valent, Adsorbed)","PNEUMOCOCCAL POLYSACCHRIDE CONJUGATE VACCINE (13-VALENT, ADSORBED)",Drug,Text,
,,,Nicorandil,NICORANDIL,Drug,Text,
,,,Clove Oil,CLOVE OIL,Drug,Text,
,,,Panadol Cold & Flu Day Ingredients,PARACETAMOL + CAFFEINE + PHENYLEPHRINE HCL,Drug,Text,
,,,Panadol Cold & Flu All In One Ingredients,PARACETAMOL + PHENYLEPHRINE HCL + GUAIFENESIN,Drug,Text,
,,,Nimodipin,NIMODIPIN,Drug,Text,
,,,Panadol Cold &Flu Hot Lemon & Honey Ingredients,PARACETAMOL + ASCORBIC ACID + PHENYLEPHRINE HCL,Drug,Text,
,,,Somatostatin Acetate Hydrate,SOMATOSTATIN ACETATE HYDRATE,Drug,Text,
,,,Idursulfase,IDURSULFASE,Drug,Text,
,,,Aceclofenac,ACECLOFENAC,Drug,Text,
,,,Pneumococcal Polysacchrides Danish,PNEUMOCOCCAL POLYSACCHRIDES DANISH,Drug,Text,
,,,Dianeal Pd4 Glucose 1.36% Peritonial Dialysis Ingredients,GLUCOSE MONOHYDRATE + SODIUM CHLORIDE + SODIUM LACTATE + MAGNESIUM CHLORIDE HEXAHYDRATE + CALCIUM CHLORIDE DIHYDRATE,Drug,Text,
,,,Glycopyrronium,GLYCOPYRRONIUM,Drug,Text,
,,,Ruxolitinib Phosphate,RUXOLITINIB PHOSPHATE,Drug,Text,
,,,Pasireotide,PASIREOTIDE,Drug,Text,
,,,Dianeal Pd4 Glucose 2.27 % Solu. For Peritonial Dialysis Ingredients,GLUCOSE MONOHYDRATE + SODIUM CHLORIDE + SODIUM LACTATE + MAGNESIUM CHLORIDE HEXAHYDRATE + CALCIUM CHLORIDE DIHYDRATE,Drug,Text,
,,,Dianeal Pd4 Glucose 3.86% Solu. For Peritonial Dialysis Ingredients,GLUCOSE MONOHYDRATE + SODIUM CHLORIDE + SODIUM LACTATE + MAGNESIUM CHLORIDE HEXAHYDRATE + CALCIUM CHLORIDE DIHYDRATE,Drug,Text,
,,,Novomix 50 Flexpen Ingredients,SOLUBLE INSULIN ASPART 50% + INSULIN ASPART CRYSTALLIED WITH PROTAMINE 50%,Drug,Text,
,,,Novomix 50 Penfill Ingredients,SOLUBLE INSULIN ASPART 50% + INSULIN ASPART CRYSTALLIED WITH PROTAMINE 50%,Drug,Text,
,,,Novomix 70 Flexpen Ingredients,SOLUBLE INSULIN ASPART 70% + INSULIN ASPART CRYSTALLIED WITH PROTAMINE 30%,Drug,Text,
,,,Novomix 70 Penfill Ingredients,SOLUBLE INSULIN ASPART 70% + INSULIN ASPART CRYSTALLIED WITH PROTAMINE 30%,Drug,Text,
,,,Bupivacaine HCl,BUPIVACAINE HCL,Drug,Text,
,,,Dexlansoprazole,DEXLANSOPRAZOLE,Drug,Text,
,,,Bilastine,BILASTINE,Drug,Text,
,,,Hydrocortisone Butyrate,HYDROCORTISONE BUTYRATE,Drug,Text,
,,,Janumet Xr Ingredients,SITAGLIPTIN PHOSPHATE + METFORMIN HCL,Drug,Text,
,,,Buprenorphine,BUPRENORPHINE,Drug,Text,
,,,Colecalciferol,COLECALCIFEROL,Drug,Text,
,,,Panadol Extra With Optizorb Ingredients,PARACETAMOL + CAFFEINE,Drug,Text,
,,,Picoprep Ingredients,SODIUM PICOSULFATE + LIGHT MAGNESIUM OXIDE + CITRIC ACID ANHYDROUS,Drug,Text,
,,,Certolizumab Pegol,CERTOLIZUMAB PEGOL,Drug,Text,
,,,Aflibercept,AFLIBERCEPT,Drug,Text,
,,,Panadol Cold & Flu Vapour Release + Decongestant Ingredients,PARACETAMOL + PHENYLEPHRINE HCL,Drug,Text,
,,,Linezolid,LINEZOLID,Drug,Text,
,,,Terlipressin,TERLIPRESSIN,Drug,Text,
,,,Pylera Ingredients,BISMUTH SUBCITRATE POTASSIUM + TETRACYCLINE HCL + METRONIDAZOLE,Drug,Text,
,,,Oxycodone HCl,OXYCODONE HCL,Drug,Text,
,,,Olimel N7 E Emulsion For Infusion Ingredients,GLUCOSE SOLUTION + AMINO ACID + LIPID EMULSION + ELECTROLYTE,Drug,Text,
,,,Olimel N9 E Emulsion For Infusion Ingredients,GLUCOSE SOLUTION + AMINO ACID + LIPID EMULSION + ELECTROLYTE,Drug,Text,
,,,Peri-Olimel N4 E Emulsion For Infusion Ingredients,GLUCOSE SOLUTION + AMINO ACID + LIPID EMULSION + ELECTROLYTE,Drug,Text,
,,,Flupentixol Decanoate,FLUPENTIXOL DECANOATE,Drug,Text,
,,,Trastuzumab Emtansine,TRASTUZUMAB EMTANSINE,Drug,Text,
,,,Regorafenib,REGORAFENIB,Drug,Text,
,,,Fampridine,FAMPRIDINE,Drug,Text,
,,,Zineryt Lotion Ingredients,ERYTHROMYCIN + ZINC ACETATE,Drug,Text,
,,,Darunavir Ethanolate,DARUNAVIR ETHANOLATE,Drug,Text,
,,,Ketorolac Tromethamine,KETOROLAC TROMETHAMINE,Drug,Text,
,,,Axitinib,AXITINIB,Drug,Text,
,,,Bendamustine HCl,BENDAMUSTINE HCL,Drug,Text,
,,,Ketamine HCl,KETAMINE HCL,Drug,Text,
,,,Dasabuvir,DASABUVIR,Drug,Text,
,,,Viekirax Ingredients,OMBITASVIR + PARITAPREVIR + RITONAVIR,Drug,Text,
,,,Daclatasvir Dihydrochloride,DACLATASVIR DIHYDROCHLORIDE,Drug,Text,
,,,Bosentan,BOSENTAN,Drug,Text,
,,,Dapoxetine HCl,DAPOXETINE HCL,Drug,Text,
,,,Phenobarbitone Sodium,PHENOBARBITONE SODIUM,Drug,Text,
,,,Triplixam Ingredients,PERINDOPRIL ARGININE + INDAPAMIDE + AMLODIPINE,Drug,Text,
,,,Lacosamide,LACOSAMIDE,Drug,Text,
,,,"Neiserria Meningitidis Group A,C,W-135 And Y Polyssacharide Each 5Mcg Conjugated With 44Mcg Tetanus Toxoid Carrier Protein 44Mcg","NEISERRIA MENINGITIDIS GROUP A,C,W-135 AND Y POLYSSACHARIDE EACH 5MCG CONJUGATED WITH 44MCG TETANUS TOXOID CARRIER PROTEIN 44MCG",Drug,Text,
,,,Calcium Chloride,CALCIUM CHLORIDE,Drug,Text,
,,,Oral Bivalent Types 1 And 3 Poliomyelitis Vaccine Ingredients,"POLIOMYELITIS TYPE 1, LS-C2AB STRAIN (LIVE, ATTENUATED) AT LEAST 6.0 LOG CCID50 + POLIOMYELITIS TYPE 3, LEON-12A1B STRAIN (LIVE, ATTENUATED) AT LEAST 5.8 LOG CCID50",Drug,Text,
,,,Sodium Bicarbonate,SODIUM BICARBONATE,Drug,Text,
,,,Balanced Salt Solution Ingredients,SODIUM CHLORIDE 0.64G/100ML + POTASSIUM CHLORIDE 0.075G/100ML + CALCIUM CHLORIDE 0.048G/100ML + SODIUM ACETATE 0.39G/100ML + SODIUM CITRATE 0.17G/100ML,Drug,Text,
,,,Sevikar Ingredients,OLMESARTAN MEDOXOMIL + AMLODEPINE BESYLATE,Drug,Text,
,,,Ustekinumab,USTEKINUMAB,Drug,Text,
,,,Entresto Ingredients,SACUBITRIL + VALSARTAN,Drug,Text,
,,,Alglucosidase Alfa,ALGLUCOSIDASE ALFA,Drug,Text,
,,,Enzalutamide,ENZALUTAMIDE,Drug,Text,
,,,Ibrutinib,IBRUTINIB,Drug,Text,
,,,Ultibro Breezhaler Ingredients,INDACATEROL + GLYCOPYRRONIUM,Drug,Text,
,,,Afatinib Dimaleate,AFATINIB DIMALEATE,Drug,Text,
,,,Neolyte Ingredients,SODIUM CHLORIDE + POTASSIUM CHLORIDE + SODIUM CITRATE + ANHYDROUS GLUCOSE,Drug,Text,
,,,Catridecacog,CATRIDECACOG,Drug,Text,
,,,Azacitidine,AZACITIDINE,Drug,Text,
,,,Secukinumab,SECUKINUMAB,Drug,Text,
,,,Pomalidomide,POMALIDOMIDE,Drug,Text,
,,,Latanocom Ingredients,LATANOPROST + TIMOLOL MALEATE,Drug,Text,
,,,Relvar Ellipta Ingredients,FLUTICASONE FUROATE + VILANTEROL,Drug,Text,
,,,Dolutegravir,DOLUTEGRAVIR,Drug,Text,
,,,Eribulin Mesylate,ERIBULIN MESYLATE,Drug,Text,
,,,Hemamax-F Ingredients,IRON (III) HYDROXIDE POLYMALTOSE COMPLEX + FOLIC ACID,Drug,Text,
,,,Teriflunomide,TERIFLUNOMIDE,Drug,Text,
,,,Polio Virus (Sabin) Type 1 (Who) 10 6.0 Ccid50 And Polio Virus (Sabin) Type 3 (Who) 10 5.8 Ccid50,POLIO VIRUS (SABIN) TYPE 1 (WHO) 10 6.0 CCID50 AND POLIO VIRUS (SABIN) TYPE 3 (WHO) 10 5.8 CCID50,Drug,Text,
,,,Duodart Ingredients,DUTASTERIDE + TAMSULOSIN HCL,Drug,Text,
,,,Riociguat,RIOCIGUAT,Drug,Text,
,,,Insulin Degludec,INSULIN DEGLUDEC,Drug,Text,
,,,Ipilimumab,IPILIMUMAB,Drug,Text,
,,,Ceritinib,CERITINIB,Drug,Text,
,,,Flutiform Ingredients,FLUTICASONE PROPIONATE + FORMOTEROL FUMARATE DIHYDRATE,Drug,Text,
,,,Prismasol 2 Mmol/L Potassium Ingredients,COMPARTMENT A: CALCIUM CHLORIDE + MAGNESIUM CHLORIDE + GLUCOSE ANHYDROUS + LACTIC ACID + COMPARTMENT B: SODIUM CHLORIDE  POTASSIUM CHLORIDE + SODIUM BICARBONATE,Drug,Text,
,,,Palbociclib,PALBOCICLIB,Drug,Text,
,,,Natrixam Ingredients,INDAPAMIDE + AMLODEPINE BESYLATE,Drug,Text,
,,,Targinact Ingredients,OXYCODONE HCL + NALOXONE HCL DIHYDRATE,Drug,Text,
,,,Dimethyl Fumarate,DIMETHYL FUMARATE,Drug,Text,
,,,Ramucirumab,RAMUCIRUMAB,Drug,Text,
,,,Carfilzomib,CARFILZOMIB,Drug,Text,
,,,Hemosol Bo Ingredients,CALCIUM CHLORIDE DIHYDRATE 5.15MG + MAGNESIUM CHLORIDE HEXAHYDRATE 2.03MG + (S)-LACTIC ACID 5.4MG + SODIUM CHLORIDE 6.45MG + SODIUM HYDROGEN CARBONATE 3.09MG ,Drug,Text,
,,,Anoro Ellipta Ingredients,UMECLIDINIUM + VILANTEROL TRIFENATATE,Drug,Text,
,,,Blinatumomab,BLINATUMOMAB,Drug,Text,
,,,Agalsidase Beta,AGALSIDASE BETA,Drug,Text,
,,,Exym Ingredients,IVY LEAF EXTRACT + THYME FLUID EXTRACT,Drug,Text,
,,,Cloxacillin Sodium,CLOXACILLIN SODIUM,Drug,Text,
,,,Pitavastatin,PITAVASTATIN,Drug,Text,
,,,Nivolumab,NIVOLUMAB,Drug,Text,
,,,Concor Am Ingredients,BISOPROLOL FUMARATE + AMLODEPINE,Drug,Text,
,,,Tofacitinib Citrate,TOFACITINIB CITRATE,Drug,Text,
,,,Pancreatin,PANCREATIN,Drug,Text,
,,,Empagliflozin,EMPAGLIFLOZIN,Drug,Text,
,,,Imiglucerase,IMIGLUCERASE,Drug,Text,
,,,Co-Tabuvan Ingredients,VALSARTAN + HYDROCHLOROTHIAZIDE,Drug,Text,
,,,Canagliflozin,CANAGLIFLOZIN,Drug,Text,
,,,Phoxilium Ingredients,"SODIUM CHLORIDE + MAGNESIUM CHLORIDE HEXAHYDRATE + CALCIUM CHLORIDE DIHYDRATE + DISODIUM PHOSPHATE DIHYDRATE + SODIUM BICARBONATE, POTASSIUM CHLORIDE",Drug,Text,
,,,Calcium Polystyrene Sulfonate,CALCIUM POLYSTYRENE SULFONATE,Drug,Text,
,,,Tedizolid,TEDIZOLID,Drug,Text,
,,,Zepatier Ingredients,ELBASVIR + GRAZOPREVIR,Drug,Text,
,,,Cefadroxil,CEFADROXIL,Drug,Text,
,,,Co-Valor Ingredients,VALSARTAN + HYDROCHLOROTHIAZIDE,Drug,Text,
,,,Dapagliflozin,DAPAGLIFLOZIN,Drug,Text,
,,,Alcaftadine,ALCAFTADINE,Drug,Text,
,,,Ryzodeg Flex Touch Ingredients,INSULIN DEGLUDEC + INSULIN ASPART,Drug,Text,
,,,Ryzodeg Penfill Ingredients,INSULIN DEGLUDEC + INSULIN ASPART,Drug,Text,
,,,Akynzeo Ingredients,NETUPITANT + PALONOSETRON,Drug,Text,
,,,Pembrolizumab,PEMBROLIZUMAB,Drug,Text,
,,,Turoctocog Alfa,TUROCTOCOG ALFA,Drug,Text,
,,,Idarucizumab,IDARUCIZUMAB,Drug,Text,
,,,Evolocumab,EVOLOCUMAB,Drug,Text,
,,,Atozet Ingredients,EZETIMIBE + ATORVASTATIN CALCIUM,Drug,Text,
,,,Cefazoline Sodium,CEFAZOLINE SODIUM,Drug,Text,
,,,Tozaar-H Ingredients,LOSARTAN POTASSIUM + HYDROCHLOROTHIAZIDE,Drug,Text,
,,,Febuxostat,FEBUXOSTAT,Drug,Text,
,,,Spiolto Respimat Ingredients,TIOTROPIUM BROMIDE + OLODATEROL,Drug,Text,
,,,Ixekizumab,IXEKIZUMAB,Drug,Text,
,,,Gardasil 9 Ingredients,TYPE 6 L1 PROTEIN 30MCG/0.5ML + TYPE 11 L1 PROTEIN 40MCG/0.5ML + TYPE 16 L1 PROTEIN 60MCG/0.5ML + TYPE 18 L1 PROTEIN 40MCG/0.5ML + TYPE 31 L1 PROTEIN 20MCG/0.5ML + TYPE 33 L1 PROTEIN 20MCG/0.5ML + TYPE 45 L1 PROTEIN 20MCG/0.5ML + TYPE 52 L1 PROTEIN 20MCG/0.5ML + TYPE 58 L1 PROTEIN 20MCG/0.5ML,Drug,Text,
,,,Sugammadex Sodium,SUGAMMADEX SODIUM,Drug,Text,
,,,Vismodegib,VISMODEGIB,Drug,Text,
,,,Alemtuzumab,ALEMTUZUMAB,Drug,Text,
,,,Necitumumab,NECITUMUMAB,Drug,Text,
,,,Aripiprazole,ARIPIPRAZOLE,Drug,Text,
,,,Futasone Ingredients,BETAMETHASONE VALERATE + FUSIDIC ACID,Drug,Text,
,,,Ceftriaxone,CEFTRIAXONE,Drug,Text,
,,,Adol Pm Ingredients,PARACETAMOL + DIPHENHYDRAMINE HCL,Drug,Text,
,,,Pancuronium Bromide,PANCURONIUM BROMIDE,Drug,Text,
,,,Bi-Act Ingredients,GLIBENCLAMIDE + METFORMIN HCL,Drug,Text,
,,,Metformin HCl + Glibenclamide,METFORMIN HCL + GLIBENCLAMIDE,Drug,Text,
,,,Extraneal Ingredients,LCODEXTRIN 75G/L + SODIUM CHLORIDE- PH.EUR. 5.4G/L + CALCIUM CHLORIDE DIHYDRATE- PH.EUR. 0.257G/L + MAGNESIUM CHLORIDE HEXAHYDRATE- PH.EUR. 0.051 G/L & SODIUM S- LACTATE SOLUTION- PH.EUR. 4.5 G/L,Drug,Text,
,,,Gincosan Ingredients,PANAX GINSENG DRY EXTRACT G115 + GINGKO BILOBA DRY EXTRACT GK501,Drug,Text,
,,,Julmentin Es Ingredients,AMOXICILLIN + CLAVULANIC ACID,Drug,Text,
,,,Brimonidine,BRIMONIDINE,Drug,Text,
,,,Mepolizumab,MEPOLIZUMAB,Drug,Text,
,,,Ciclesonide,CICLESONIDE,Drug,Text,
,,,Songha Night Ingredients,DRY EXTRACT OF VALERIAN ROOTS + DRY EXTRACT OF MELISSA LEAVES,Drug,Text,
,,,Lornoxicam,LORNOXICAM,Drug,Text,
,,,Tofacitinib,TOFACITINIB,Drug,Text,
,,,Teicoplanin,TEICOPLANIN,Drug,Text,
,,,Incresync Ingredients,ALOGLIPTIN BENZOATE + PIOGLITAZONE HCL,Drug,Text,
,,,Irbegen Plus Ingredients,IRBESARTAN + HYDROCHLOROTHIAZIDE ,Drug,Text,
,,,Advil Night Ingredients,IBUPROFEN + DIPHENHYDRAMINE CITRATE,Drug,Text,
,,,Sevelamer Carbonate,SEVELAMER CARBONATE,Drug,Text,
,,,Sildenafil,SILDENAFIL,Drug,Text,
,,,Vipdomet Ingredients,ALOGLIPTIN BENZOATE + METFORMIN HCL,Drug,Text,
,,,Co-Anginet Ingredients,VALSARTAN + HYDROCHLOROTHIAZIDE,Drug,Text,
,,,Perampanel,PERAMPANEL,Drug,Text,
,,,Amrase Ingredients,PANCREATIN + PAPAIN + OX BILE EXTRACT,Drug,Text,
,,,Warfarin Sodium,WARFARIN SODIUM,Drug,Text,
,,,Esomeprazole Magnesium,ESOMEPRAZOLE MAGNESIUM,Drug,Text,
,,,Hypromellose,HYPROMELLOSE,Drug,Text,
,,,Carbomer,CARBOMER,Drug,Text,
