Uuid,Void/Retire,Same as mappings,Fully specified name:en,Short name:en,Description:en,Data class,Data type,Answers,Members,_version:1,_order:1080
,,ICD 10 - WHO:S30826S,"Blister of unsp external genital organs, female, sequela (S30826S)","Blister of unsp external genital organs, female, sequela (S30826S)",,Diagnosis,N/A,,,,
,,ICD 10 - WHO:S30844A,"External constriction of vagina and vulva, initial encounter (S30844A)","External constriction of vagina and vulva, initial encounter (S30844A)",,Diagnosis,N/A,,,,
,,ICD 10 - WHO:S30844D,"External constriction of vagina and vulva, subs encntr (S30844D)","External constriction of vagina and vulva, subs encntr (S30844D)",,Diagnosis,N/A,,,,
,,ICD 10 - WHO:S30844S,"External constriction of vagina and vulva, sequela (S30844S)","External constriction of vagina and vulva, sequela (S30844S)",,Diagnosis,N/A,,,,
,,ICD 10 - WHO:S30846A,"Extrn constrict of unsp extrn genital organs, female, init (S30846A)","Extrn constrict of unsp extrn genital organs, female, init (S30846A)",,Diagnosis,N/A,,,,
,,ICD 10 - WHO:S30846D,"Extrn constrict of unsp extrn genital organs, female, subs (S30846D)","Extrn constrict of unsp extrn genital organs, female, subs (S30846D)",,Diagnosis,N/A,,,,
,,ICD 10 - WHO:S30846S,"Extrn constrict of unsp extrn gntl organs, female, sequela (S30846S)","Extrn constrict of unsp extrn gntl organs, female, sequela (S30846S)",,Diagnosis,N/A,,,,
,,ICD 10 - WHO:S30854A,"Superficial foreign body of vagina and vulva, init encntr (S30854A)","Superficial foreign body of vagina and vulva, init encntr (S30854A)",,Diagnosis,N/A,,,,
,,ICD 10 - WHO:S30854D,"Superficial foreign body of vagina and vulva, subs encntr (S30854D)","Superficial foreign body of vagina and vulva, subs encntr (S30854D)",,Diagnosis,N/A,,,,
,,ICD 10 - WHO:S30854S,"Superficial foreign body of vagina and vulva, sequela (S30854S)","Superficial foreign body of vagina and vulva, sequela (S30854S)",,Diagnosis,N/A,,,,
,,ICD 10 - WHO:S30856A,"Superficial fb of unsp external genital organs, female, init (S30856A)","Superficial fb of unsp external genital organs, female, init (S30856A)",,Diagnosis,N/A,,,,
,,ICD 10 - WHO:S30856D,"Superficial fb of unsp external genital organs, female, subs (S30856D)","Superficial fb of unsp external genital organs, female, subs (S30856D)",,Diagnosis,N/A,,,,
,,ICD 10 - WHO:S30856S,"Superfic fb of unsp external genital organs, female, sequela (S30856S)","Superfic fb of unsp external genital organs, female, sequela (S30856S)",,Diagnosis,N/A,,,,
,,ICD 10 - WHO:S30864A,"Insect bite (nonvenomous) of vagina and vulva, init encntr (S30864A)","Insect bite (nonvenomous) of vagina and vulva, init encntr (S30864A)",,Diagnosis,N/A,,,,
,,ICD 10 - WHO:S30864D,"Insect bite (nonvenomous) of vagina and vulva, subs encntr (S30864D)","Insect bite (nonvenomous) of vagina and vulva, subs encntr (S30864D)",,Diagnosis,N/A,,,,
,,ICD 10 - WHO:S30864S,"Insect bite (nonvenomous) of vagina and vulva, sequela (S30864S)","Insect bite (nonvenomous) of vagina and vulva, sequela (S30864S)",,Diagnosis,N/A,,,,
,,ICD 10 - WHO:S30866A,"Insect bite of unsp external genital organs, female, init (S30866A)","Insect bite of unsp external genital organs, female, init (S30866A)",,Diagnosis,N/A,,,,
,,ICD 10 - WHO:S30866D,"Insect bite of unsp external genital organs, female, subs (S30866D)","Insect bite of unsp external genital organs, female, subs (S30866D)",,Diagnosis,N/A,,,,
,,ICD 10 - WHO:S30866S,"Insect bite of unsp external genital organs, female, sequela (S30866S)","Insect bite of unsp external genital organs, female, sequela (S30866S)",,Diagnosis,N/A,,,,
,,ICD 10 - WHO:S30874A,"Other superficial bite of vagina and vulva, init encntr (S30874A)","Other superficial bite of vagina and vulva, init encntr (S30874A)",,Diagnosis,N/A,,,,
,,ICD 10 - WHO:S30874D,"Other superficial bite of vagina and vulva, subs encntr (S30874D)","Other superficial bite of vagina and vulva, subs encntr (S30874D)",,Diagnosis,N/A,,,,
,,ICD 10 - WHO:S30874S,"Other superficial bite of vagina and vulva, sequela (S30874S)","Other superficial bite of vagina and vulva, sequela (S30874S)",,Diagnosis,N/A,,,,
,,ICD 10 - WHO:S30876A,"Oth superfic bite of unsp extrn genital organs, female, init (S30876A)","Oth superfic bite of unsp extrn genital organs, female, init (S30876A)",,Diagnosis,N/A,,,,
,,ICD 10 - WHO:S30876D,"Oth superfic bite of unsp extrn genital organs, female, subs (S30876D)","Oth superfic bite of unsp extrn genital organs, female, subs (S30876D)",,Diagnosis,N/A,,,,
,,ICD 10 - WHO:S30876S,"Oth superfic bite of unsp extrn gntl organs, female, sequela (S30876S)","Oth superfic bite of unsp extrn gntl organs, female, sequela (S30876S)",,Diagnosis,N/A,,,,
,,ICD 10 - WHO:S3095XA,"Unsp superficial injury of vagina and vulva, init encntr (S3095XA)","Unsp superficial injury of vagina and vulva, init encntr (S3095XA)",,Diagnosis,N/A,,,,
,,ICD 10 - WHO:S3095XD,"Unsp superficial injury of vagina and vulva, subs encntr (S3095XD)","Unsp superficial injury of vagina and vulva, subs encntr (S3095XD)",,Diagnosis,N/A,,,,
,,ICD 10 - WHO:S3095XS,"Unspecified superficial injury of vagina and vulva, sequela (S3095XS)","Unspecified superficial injury of vagina and vulva, sequela (S3095XS)",,Diagnosis,N/A,,,,
,,ICD 10 - WHO:S3097XA,"Unsp superfic inj unsp external genital organs, female, init (S3097XA)","Unsp superfic inj unsp external genital organs, female, init (S3097XA)",,Diagnosis,N/A,,,,
,,ICD 10 - WHO:S3097XD,"Unsp superfic inj unsp external genital organs, female, subs (S3097XD)","Unsp superfic inj unsp external genital organs, female, subs (S3097XD)",,Diagnosis,N/A,,,,
,,ICD 10 - WHO:S3097XS,"Unsp superfic inj unsp extrn genital organs, female, sequela (S3097XS)","Unsp superfic inj unsp extrn genital organs, female, sequela (S3097XS)",,Diagnosis,N/A,,,,
,,ICD 10 - WHO:S3140XA,"Unspecified open wound of vagina and vulva, init encntr (S3140XA)","Unspecified open wound of vagina and vulva, init encntr (S3140XA)",,Diagnosis,N/A,,,,
,,ICD 10 - WHO:S3140XD,"Unspecified open wound of vagina and vulva, subs encntr (S3140XD)","Unspecified open wound of vagina and vulva, subs encntr (S3140XD)",,Diagnosis,N/A,,,,
,,ICD 10 - WHO:S3140XS,"Unspecified open wound of vagina and vulva, sequela (S3140XS)","Unspecified open wound of vagina and vulva, sequela (S3140XS)",,Diagnosis,N/A,,,,
,,ICD 10 - WHO:S3141XA,"Laceration w/o foreign body of vagina and vulva, init encntr (S3141XA)","Laceration w/o foreign body of vagina and vulva, init encntr (S3141XA)",,Diagnosis,N/A,,,,
,,ICD 10 - WHO:S3141XD,"Laceration w/o foreign body of vagina and vulva, subs encntr (S3141XD)","Laceration w/o foreign body of vagina and vulva, subs encntr (S3141XD)",,Diagnosis,N/A,,,,
,,ICD 10 - WHO:S3141XS,"Laceration without foreign body of vagina and vulva, sequela (S3141XS)","Laceration without foreign body of vagina and vulva, sequela (S3141XS)",,Diagnosis,N/A,,,,
,,ICD 10 - WHO:S3142XA,"Laceration w foreign body of vagina and vulva, init encntr (S3142XA)","Laceration w foreign body of vagina and vulva, init encntr (S3142XA)",,Diagnosis,N/A,,,,
,,ICD 10 - WHO:S3142XD,"Laceration w foreign body of vagina and vulva, subs encntr (S3142XD)","Laceration w foreign body of vagina and vulva, subs encntr (S3142XD)",,Diagnosis,N/A,,,,
,,ICD 10 - WHO:S3142XS,"Laceration with foreign body of vagina and vulva, sequela (S3142XS)","Laceration with foreign body of vagina and vulva, sequela (S3142XS)",,Diagnosis,N/A,,,,
,,ICD 10 - WHO:S3143XA,"Puncture wound w/o foreign body of vagina and vulva, init (S3143XA)","Puncture wound w/o foreign body of vagina and vulva, init (S3143XA)",,Diagnosis,N/A,,,,
,,ICD 10 - WHO:S3143XD,"Puncture wound w/o foreign body of vagina and vulva, subs (S3143XD)","Puncture wound w/o foreign body of vagina and vulva, subs (S3143XD)",,Diagnosis,N/A,,,,
,,ICD 10 - WHO:S3143XS,"Puncture wound w/o foreign body of vagina and vulva, sequela (S3143XS)","Puncture wound w/o foreign body of vagina and vulva, sequela (S3143XS)",,Diagnosis,N/A,,,,
,,ICD 10 - WHO:S3144XA,"Puncture wound w foreign body of vagina and vulva, init (S3144XA)","Puncture wound w foreign body of vagina and vulva, init (S3144XA)",,Diagnosis,N/A,,,,
,,ICD 10 - WHO:S3144XD,"Puncture wound w foreign body of vagina and vulva, subs (S3144XD)","Puncture wound w foreign body of vagina and vulva, subs (S3144XD)",,Diagnosis,N/A,,,,
,,ICD 10 - WHO:S3144XS,"Puncture wound w foreign body of vagina and vulva, sequela (S3144XS)","Puncture wound w foreign body of vagina and vulva, sequela (S3144XS)",,Diagnosis,N/A,,,,
,,ICD 10 - WHO:S3145XA,"Open bite of vagina and vulva, initial encounter (S3145XA)","Open bite of vagina and vulva, initial encounter (S3145XA)",,Diagnosis,N/A,,,,
,,ICD 10 - WHO:S3145XD,"Open bite of vagina and vulva, subsequent encounter (S3145XD)","Open bite of vagina and vulva, subsequent encounter (S3145XD)",,Diagnosis,N/A,,,,
,,ICD 10 - WHO:S3145XS,"Open bite of vagina and vulva, sequela (S3145XS)","Open bite of vagina and vulva, sequela (S3145XS)",,Diagnosis,N/A,,,,
,,ICD 10 - WHO:S31502A,"Unsp opn wnd unsp external genital organs, female, init (S31502A)","Unsp opn wnd unsp external genital organs, female, init (S31502A)",,Diagnosis,N/A,,,,
,,ICD 10 - WHO:S31502D,"Unsp opn wnd unsp external genital organs, female, subs (S31502D)","Unsp opn wnd unsp external genital organs, female, subs (S31502D)",,Diagnosis,N/A,,,,
,,ICD 10 - WHO:S31502S,"Unsp opn wnd unsp external genital organs, female, sequela (S31502S)","Unsp opn wnd unsp external genital organs, female, sequela (S31502S)",,Diagnosis,N/A,,,,
,,ICD 10 - WHO:S31512A,"Lac w/o fb of unsp external genital organs, female, init (S31512A)","Lac w/o fb of unsp external genital organs, female, init (S31512A)",,Diagnosis,N/A,,,,
,,ICD 10 - WHO:S31512D,"Lac w/o fb of unsp external genital organs, female, subs (S31512D)","Lac w/o fb of unsp external genital organs, female, subs (S31512D)",,Diagnosis,N/A,,,,
,,ICD 10 - WHO:S31512S,"Lac w/o fb of unsp external genital organs, female, sequela (S31512S)","Lac w/o fb of unsp external genital organs, female, sequela (S31512S)",,Diagnosis,N/A,,,,
,,ICD 10 - WHO:S31522A,"Lac w fb of unsp external genital organs, female, init (S31522A)","Lac w fb of unsp external genital organs, female, init (S31522A)",,Diagnosis,N/A,,,,
,,ICD 10 - WHO:S31522D,"Lac w fb of unsp external genital organs, female, subs (S31522D)","Lac w fb of unsp external genital organs, female, subs (S31522D)",,Diagnosis,N/A,,,,
,,ICD 10 - WHO:S31522S,"Lac w fb of unsp external genital organs, female, sequela (S31522S)","Lac w fb of unsp external genital organs, female, sequela (S31522S)",,Diagnosis,N/A,,,,
,,ICD 10 - WHO:S31532A,"Pnctr w/o fb of unsp external genital organs, female, init (S31532A)","Pnctr w/o fb of unsp external genital organs, female, init (S31532A)",,Diagnosis,N/A,,,,
,,ICD 10 - WHO:S31532D,"Pnctr w/o fb of unsp external genital organs, female, subs (S31532D)","Pnctr w/o fb of unsp external genital organs, female, subs (S31532D)",,Diagnosis,N/A,,,,
,,ICD 10 - WHO:S31532S,"Pnctr w/o fb of unsp extrn genital organs, female, sequela (S31532S)","Pnctr w/o fb of unsp extrn genital organs, female, sequela (S31532S)",,Diagnosis,N/A,,,,
,,ICD 10 - WHO:S31542A,"Pnctr w fb of unsp external genital organs, female, init (S31542A)","Pnctr w fb of unsp external genital organs, female, init (S31542A)",,Diagnosis,N/A,,,,
,,ICD 10 - WHO:S31542D,"Pnctr w fb of unsp external genital organs, female, subs (S31542D)","Pnctr w fb of unsp external genital organs, female, subs (S31542D)",,Diagnosis,N/A,,,,
,,ICD 10 - WHO:S31542S,"Pnctr w fb of unsp external genital organs, female, sequela (S31542S)","Pnctr w fb of unsp external genital organs, female, sequela (S31542S)",,Diagnosis,N/A,,,,
,,ICD 10 - WHO:S31552A,"Open bite of unsp external genital organs, female, init (S31552A)","Open bite of unsp external genital organs, female, init (S31552A)",,Diagnosis,N/A,,,,
,,ICD 10 - WHO:S31552D,"Open bite of unsp external genital organs, female, subs (S31552D)","Open bite of unsp external genital organs, female, subs (S31552D)",,Diagnosis,N/A,,,,
,,ICD 10 - WHO:S31552S,"Open bite of unsp external genital organs, female, sequela (S31552S)","Open bite of unsp external genital organs, female, sequela (S31552S)",,Diagnosis,N/A,,,,
,,ICD 10 - WHO:S35531A,"Injury of right uterine artery, initial encounter (S35531A)","Injury of right uterine artery, initial encounter (S35531A)",,Diagnosis,N/A,,,,
,,ICD 10 - WHO:S35531D,"Injury of right uterine artery, subsequent encounter (S35531D)","Injury of right uterine artery, subsequent encounter (S35531D)",,Diagnosis,N/A,,,,
,,ICD 10 - WHO:S35531S,"Injury of right uterine artery, sequela (S35531S)","Injury of right uterine artery, sequela (S35531S)",,Diagnosis,N/A,,,,
,,ICD 10 - WHO:S35532A,"Injury of left uterine artery, initial encounter (S35532A)","Injury of left uterine artery, initial encounter (S35532A)",,Diagnosis,N/A,,,,
,,ICD 10 - WHO:S35532D,"Injury of left uterine artery, subsequent encounter (S35532D)","Injury of left uterine artery, subsequent encounter (S35532D)",,Diagnosis,N/A,,,,
,,ICD 10 - WHO:S35532S,"Injury of left uterine artery, sequela (S35532S)","Injury of left uterine artery, sequela (S35532S)",,Diagnosis,N/A,,,,
,,ICD 10 - WHO:S35533A,"Injury of unspecified uterine artery, initial encounter (S35533A)","Injury of unspecified uterine artery, initial encounter (S35533A)",,Diagnosis,N/A,,,,
,,ICD 10 - WHO:S35533D,"Injury of unspecified uterine artery, subsequent encounter (S35533D)","Injury of unspecified uterine artery, subsequent encounter (S35533D)",,Diagnosis,N/A,,,,
,,ICD 10 - WHO:S35533S,"Injury of unspecified uterine artery, sequela (S35533S)","Injury of unspecified uterine artery, sequela (S35533S)",,Diagnosis,N/A,,,,
,,ICD 10 - WHO:S35534A,"Injury of right uterine vein, initial encounter (S35534A)","Injury of right uterine vein, initial encounter (S35534A)",,Diagnosis,N/A,,,,
,,ICD 10 - WHO:S35534D,"Injury of right uterine vein, subsequent encounter (S35534D)","Injury of right uterine vein, subsequent encounter (S35534D)",,Diagnosis,N/A,,,,
,,ICD 10 - WHO:S35534S,"Injury of right uterine vein, sequela (S35534S)","Injury of right uterine vein, sequela (S35534S)",,Diagnosis,N/A,,,,
,,ICD 10 - WHO:S35535A,"Injury of left uterine vein, initial encounter (S35535A)","Injury of left uterine vein, initial encounter (S35535A)",,Diagnosis,N/A,,,,
,,ICD 10 - WHO:S35535D,"Injury of left uterine vein, subsequent encounter (S35535D)","Injury of left uterine vein, subsequent encounter (S35535D)",,Diagnosis,N/A,,,,
,,ICD 10 - WHO:S35535S,"Injury of left uterine vein, sequela (S35535S)","Injury of left uterine vein, sequela (S35535S)",,Diagnosis,N/A,,,,
,,ICD 10 - WHO:S35536A,"Injury of unspecified uterine vein, initial encounter (S35536A)","Injury of unspecified uterine vein, initial encounter (S35536A)",,Diagnosis,N/A,,,,
,,ICD 10 - WHO:S35536D,"Injury of unspecified uterine vein, subsequent encounter (S35536D)","Injury of unspecified uterine vein, subsequent encounter (S35536D)",,Diagnosis,N/A,,,,
,,ICD 10 - WHO:S35536S,"Injury of unspecified uterine vein, sequela (S35536S)","Injury of unspecified uterine vein, sequela (S35536S)",,Diagnosis,N/A,,,,
,,ICD 10 - WHO:S37401A,"Unspecified injury of ovary, unilateral, initial encounter (S37401A)","Unspecified injury of ovary, unilateral, initial encounter (S37401A)",,Diagnosis,N/A,,,,
,,ICD 10 - WHO:S37401D,"Unspecified injury of ovary, unilateral, subs encntr (S37401D)","Unspecified injury of ovary, unilateral, subs encntr (S37401D)",,Diagnosis,N/A,,,,
,,ICD 10 - WHO:S37401S,"Unspecified injury of ovary, unilateral, sequela (S37401S)","Unspecified injury of ovary, unilateral, sequela (S37401S)",,Diagnosis,N/A,,,,
,,ICD 10 - WHO:S37402A,"Unspecified injury of ovary, bilateral, initial encounter (S37402A)","Unspecified injury of ovary, bilateral, initial encounter (S37402A)",,Diagnosis,N/A,,,,
,,ICD 10 - WHO:S37402D,"Unspecified injury of ovary, bilateral, subsequent encounter (S37402D)","Unspecified injury of ovary, bilateral, subsequent encounter (S37402D)",,Diagnosis,N/A,,,,
,,ICD 10 - WHO:S37402S,"Unspecified injury of ovary, bilateral, sequela (S37402S)","Unspecified injury of ovary, bilateral, sequela (S37402S)",,Diagnosis,N/A,,,,
,,ICD 10 - WHO:S37409A,"Unspecified injury of ovary, unspecified, initial encounter (S37409A)","Unspecified injury of ovary, unspecified, initial encounter (S37409A)",,Diagnosis,N/A,,,,
,,ICD 10 - WHO:S37409D,"Unspecified injury of ovary, unspecified, subs encntr (S37409D)","Unspecified injury of ovary, unspecified, subs encntr (S37409D)",,Diagnosis,N/A,,,,
,,ICD 10 - WHO:S37409S,"Unspecified injury of ovary, unspecified, sequela (S37409S)","Unspecified injury of ovary, unspecified, sequela (S37409S)",,Diagnosis,N/A,,,,
,,ICD 10 - WHO:S37421A,"Contusion of ovary, unilateral, initial encounter (S37421A)","Contusion of ovary, unilateral, initial encounter (S37421A)",,Diagnosis,N/A,,,,
,,ICD 10 - WHO:S37421D,"Contusion of ovary, unilateral, subsequent encounter (S37421D)","Contusion of ovary, unilateral, subsequent encounter (S37421D)",,Diagnosis,N/A,,,,
,,ICD 10 - WHO:S37421S,"Contusion of ovary, unilateral, sequela (S37421S)","Contusion of ovary, unilateral, sequela (S37421S)",,Diagnosis,N/A,,,,
,,ICD 10 - WHO:S37422A,"Contusion of ovary, bilateral, initial encounter (S37422A)","Contusion of ovary, bilateral, initial encounter (S37422A)",,Diagnosis,N/A,,,,
,,ICD 10 - WHO:S37422D,"Contusion of ovary, bilateral, subsequent encounter (S37422D)","Contusion of ovary, bilateral, subsequent encounter (S37422D)",,Diagnosis,N/A,,,,
,,ICD 10 - WHO:S37422S,"Contusion of ovary, bilateral, sequela (S37422S)","Contusion of ovary, bilateral, sequela (S37422S)",,Diagnosis,N/A,,,,
,,ICD 10 - WHO:S37429A,"Contusion of ovary, unspecified, initial encounter (S37429A)","Contusion of ovary, unspecified, initial encounter (S37429A)",,Diagnosis,N/A,,,,
,,ICD 10 - WHO:S37429D,"Contusion of ovary, unspecified, subsequent encounter (S37429D)","Contusion of ovary, unspecified, subsequent encounter (S37429D)",,Diagnosis,N/A,,,,
,,ICD 10 - WHO:S37429S,"Contusion of ovary, unspecified, sequela (S37429S)","Contusion of ovary, unspecified, sequela (S37429S)",,Diagnosis,N/A,,,,
,,ICD 10 - WHO:S37431A,"Laceration of ovary, unilateral, initial encounter (S37431A)","Laceration of ovary, unilateral, initial encounter (S37431A)",,Diagnosis,N/A,,,,
,,ICD 10 - WHO:S37431D,"Laceration of ovary, unilateral, subsequent encounter (S37431D)","Laceration of ovary, unilateral, subsequent encounter (S37431D)",,Diagnosis,N/A,,,,
,,ICD 10 - WHO:S37431S,"Laceration of ovary, unilateral, sequela (S37431S)","Laceration of ovary, unilateral, sequela (S37431S)",,Diagnosis,N/A,,,,
,,ICD 10 - WHO:S37432A,"Laceration of ovary, bilateral, initial encounter (S37432A)","Laceration of ovary, bilateral, initial encounter (S37432A)",,Diagnosis,N/A,,,,
,,ICD 10 - WHO:S37432D,"Laceration of ovary, bilateral, subsequent encounter (S37432D)","Laceration of ovary, bilateral, subsequent encounter (S37432D)",,Diagnosis,N/A,,,,
,,ICD 10 - WHO:S37432S,"Laceration of ovary, bilateral, sequela (S37432S)","Laceration of ovary, bilateral, sequela (S37432S)",,Diagnosis,N/A,,,,
,,ICD 10 - WHO:S37439A,"Laceration of ovary, unspecified, initial encounter (S37439A)","Laceration of ovary, unspecified, initial encounter (S37439A)",,Diagnosis,N/A,,,,
,,ICD 10 - WHO:S37439D,"Laceration of ovary, unspecified, subsequent encounter (S37439D)","Laceration of ovary, unspecified, subsequent encounter (S37439D)",,Diagnosis,N/A,,,,
,,ICD 10 - WHO:S37439S,"Laceration of ovary, unspecified, sequela (S37439S)","Laceration of ovary, unspecified, sequela (S37439S)",,Diagnosis,N/A,,,,
,,ICD 10 - WHO:S37491A,"Other injury of ovary, unilateral, initial encounter (S37491A)","Other injury of ovary, unilateral, initial encounter (S37491A)",,Diagnosis,N/A,,,,
,,ICD 10 - WHO:S37491D,"Other injury of ovary, unilateral, subsequent encounter (S37491D)","Other injury of ovary, unilateral, subsequent encounter (S37491D)",,Diagnosis,N/A,,,,
,,ICD 10 - WHO:S37491S,"Other injury of ovary, unilateral, sequela (S37491S)","Other injury of ovary, unilateral, sequela (S37491S)",,Diagnosis,N/A,,,,
,,ICD 10 - WHO:S37492A,"Other injury of ovary, bilateral, initial encounter (S37492A)","Other injury of ovary, bilateral, initial encounter (S37492A)",,Diagnosis,N/A,,,,
,,ICD 10 - WHO:S37492D,"Other injury of ovary, bilateral, subsequent encounter (S37492D)","Other injury of ovary, bilateral, subsequent encounter (S37492D)",,Diagnosis,N/A,,,,
,,ICD 10 - WHO:S37492S,"Other injury of ovary, bilateral, sequela (S37492S)","Other injury of ovary, bilateral, sequela (S37492S)",,Diagnosis,N/A,,,,
,,ICD 10 - WHO:S37499A,"Other injury of ovary, unspecified, initial encounter (S37499A)","Other injury of ovary, unspecified, initial encounter (S37499A)",,Diagnosis,N/A,,,,
,,ICD 10 - WHO:S37499D,"Other injury of ovary, unspecified, subsequent encounter (S37499D)","Other injury of ovary, unspecified, subsequent encounter (S37499D)",,Diagnosis,N/A,,,,
,,ICD 10 - WHO:S37499S,"Other injury of ovary, unspecified, sequela (S37499S)","Other injury of ovary, unspecified, sequela (S37499S)",,Diagnosis,N/A,,,,
,,ICD 10 - WHO:S37501A,"Unsp injury of fallopian tube, unilateral, init encntr (S37501A)","Unsp injury of fallopian tube, unilateral, init encntr (S37501A)",,Diagnosis,N/A,,,,
,,ICD 10 - WHO:S37501D,"Unsp injury of fallopian tube, unilateral, subs encntr (S37501D)","Unsp injury of fallopian tube, unilateral, subs encntr (S37501D)",,Diagnosis,N/A,,,,
,,ICD 10 - WHO:S37501S,"Unspecified injury of fallopian tube, unilateral, sequela (S37501S)","Unspecified injury of fallopian tube, unilateral, sequela (S37501S)",,Diagnosis,N/A,,,,
,,ICD 10 - WHO:S37502A,"Unspecified injury of fallopian tube, bilateral, init encntr (S37502A)","Unspecified injury of fallopian tube, bilateral, init encntr (S37502A)",,Diagnosis,N/A,,,,
,,ICD 10 - WHO:S37502D,"Unspecified injury of fallopian tube, bilateral, subs encntr (S37502D)","Unspecified injury of fallopian tube, bilateral, subs encntr (S37502D)",,Diagnosis,N/A,,,,
,,ICD 10 - WHO:S37502S,"Unspecified injury of fallopian tube, bilateral, sequela (S37502S)","Unspecified injury of fallopian tube, bilateral, sequela (S37502S)",,Diagnosis,N/A,,,,
,,ICD 10 - WHO:S37509A,"Unsp injury of fallopian tube, unspecified, init encntr (S37509A)","Unsp injury of fallopian tube, unspecified, init encntr (S37509A)",,Diagnosis,N/A,,,,
,,ICD 10 - WHO:S37509D,"Unsp injury of fallopian tube, unspecified, subs encntr (S37509D)","Unsp injury of fallopian tube, unspecified, subs encntr (S37509D)",,Diagnosis,N/A,,,,
,,ICD 10 - WHO:S37509S,"Unspecified injury of fallopian tube, unspecified, sequela (S37509S)","Unspecified injury of fallopian tube, unspecified, sequela (S37509S)",,Diagnosis,N/A,,,,
,,ICD 10 - WHO:S37511A,"Primary blast injury of fallopian tube, unilateral, init (S37511A)","Primary blast injury of fallopian tube, unilateral, init (S37511A)",,Diagnosis,N/A,,,,
,,ICD 10 - WHO:S37511D,"Primary blast injury of fallopian tube, unilateral, subs (S37511D)","Primary blast injury of fallopian tube, unilateral, subs (S37511D)",,Diagnosis,N/A,,,,
,,ICD 10 - WHO:S37511S,"Primary blast injury of fallopian tube, unilateral, sequela (S37511S)","Primary blast injury of fallopian tube, unilateral, sequela (S37511S)",,Diagnosis,N/A,,,,
,,ICD 10 - WHO:S37512A,"Primary blast injury of fallopian tube, bilateral, init (S37512A)","Primary blast injury of fallopian tube, bilateral, init (S37512A)",,Diagnosis,N/A,,,,
,,ICD 10 - WHO:S37512D,"Primary blast injury of fallopian tube, bilateral, subs (S37512D)","Primary blast injury of fallopian tube, bilateral, subs (S37512D)",,Diagnosis,N/A,,,,
,,ICD 10 - WHO:S37512S,"Primary blast injury of fallopian tube, bilateral, sequela (S37512S)","Primary blast injury of fallopian tube, bilateral, sequela (S37512S)",,Diagnosis,N/A,,,,
,,ICD 10 - WHO:S37519A,"Primary blast injury of fallopian tube, unsp, init encntr (S37519A)","Primary blast injury of fallopian tube, unsp, init encntr (S37519A)",,Diagnosis,N/A,,,,
,,ICD 10 - WHO:S37519D,"Primary blast injury of fallopian tube, unsp, subs encntr (S37519D)","Primary blast injury of fallopian tube, unsp, subs encntr (S37519D)",,Diagnosis,N/A,,,,
,,ICD 10 - WHO:S37519S,"Primary blast injury of fallopian tube, unspecified, sequela (S37519S)","Primary blast injury of fallopian tube, unspecified, sequela (S37519S)",,Diagnosis,N/A,,,,
,,ICD 10 - WHO:S37521A,"Contusion of fallopian tube, unilateral, initial encounter (S37521A)","Contusion of fallopian tube, unilateral, initial encounter (S37521A)",,Diagnosis,N/A,,,,
,,ICD 10 - WHO:S37521D,"Contusion of fallopian tube, unilateral, subs encntr (S37521D)","Contusion of fallopian tube, unilateral, subs encntr (S37521D)",,Diagnosis,N/A,,,,
,,ICD 10 - WHO:S37521S,"Contusion of fallopian tube, unilateral, sequela (S37521S)","Contusion of fallopian tube, unilateral, sequela (S37521S)",,Diagnosis,N/A,,,,
,,ICD 10 - WHO:S37522A,"Contusion of fallopian tube, bilateral, initial encounter (S37522A)","Contusion of fallopian tube, bilateral, initial encounter (S37522A)",,Diagnosis,N/A,,,,
,,ICD 10 - WHO:S37522D,"Contusion of fallopian tube, bilateral, subsequent encounter (S37522D)","Contusion of fallopian tube, bilateral, subsequent encounter (S37522D)",,Diagnosis,N/A,,,,
,,ICD 10 - WHO:S37522S,"Contusion of fallopian tube, bilateral, sequela (S37522S)","Contusion of fallopian tube, bilateral, sequela (S37522S)",,Diagnosis,N/A,,,,
,,ICD 10 - WHO:S37529A,"Contusion of fallopian tube, unspecified, initial encounter (S37529A)","Contusion of fallopian tube, unspecified, initial encounter (S37529A)",,Diagnosis,N/A,,,,
,,ICD 10 - WHO:S37529D,"Contusion of fallopian tube, unspecified, subs encntr (S37529D)","Contusion of fallopian tube, unspecified, subs encntr (S37529D)",,Diagnosis,N/A,,,,
,,ICD 10 - WHO:S37529S,"Contusion of fallopian tube, unspecified, sequela (S37529S)","Contusion of fallopian tube, unspecified, sequela (S37529S)",,Diagnosis,N/A,,,,
,,ICD 10 - WHO:S37531A,"Laceration of fallopian tube, unilateral, initial encounter (S37531A)","Laceration of fallopian tube, unilateral, initial encounter (S37531A)",,Diagnosis,N/A,,,,
,,ICD 10 - WHO:S37531D,"Laceration of fallopian tube, unilateral, subs encntr (S37531D)","Laceration of fallopian tube, unilateral, subs encntr (S37531D)",,Diagnosis,N/A,,,,
,,ICD 10 - WHO:S37531S,"Laceration of fallopian tube, unilateral, sequela (S37531S)","Laceration of fallopian tube, unilateral, sequela (S37531S)",,Diagnosis,N/A,,,,
,,ICD 10 - WHO:S37532A,"Laceration of fallopian tube, bilateral, initial encounter (S37532A)","Laceration of fallopian tube, bilateral, initial encounter (S37532A)",,Diagnosis,N/A,,,,
,,ICD 10 - WHO:S37532D,"Laceration of fallopian tube, bilateral, subs encntr (S37532D)","Laceration of fallopian tube, bilateral, subs encntr (S37532D)",,Diagnosis,N/A,,,,
,,ICD 10 - WHO:S37532S,"Laceration of fallopian tube, bilateral, sequela (S37532S)","Laceration of fallopian tube, bilateral, sequela (S37532S)",,Diagnosis,N/A,,,,
,,ICD 10 - WHO:S37539A,"Laceration of fallopian tube, unspecified, initial encounter (S37539A)","Laceration of fallopian tube, unspecified, initial encounter (S37539A)",,Diagnosis,N/A,,,,
,,ICD 10 - WHO:S37539D,"Laceration of fallopian tube, unspecified, subs encntr (S37539D)","Laceration of fallopian tube, unspecified, subs encntr (S37539D)",,Diagnosis,N/A,,,,
,,ICD 10 - WHO:S37539S,"Laceration of fallopian tube, unspecified, sequela (S37539S)","Laceration of fallopian tube, unspecified, sequela (S37539S)",,Diagnosis,N/A,,,,
,,ICD 10 - WHO:S37591A,"Other injury of fallopian tube, unilateral, init encntr (S37591A)","Other injury of fallopian tube, unilateral, init encntr (S37591A)",,Diagnosis,N/A,,,,
,,ICD 10 - WHO:S37591D,"Other injury of fallopian tube, unilateral, subs encntr (S37591D)","Other injury of fallopian tube, unilateral, subs encntr (S37591D)",,Diagnosis,N/A,,,,
,,ICD 10 - WHO:S37591S,"Other injury of fallopian tube, unilateral, sequela (S37591S)","Other injury of fallopian tube, unilateral, sequela (S37591S)",,Diagnosis,N/A,,,,
,,ICD 10 - WHO:S37592A,"Other injury of fallopian tube, bilateral, initial encounter (S37592A)","Other injury of fallopian tube, bilateral, initial encounter (S37592A)",,Diagnosis,N/A,,,,
,,ICD 10 - WHO:S37592D,"Other injury of fallopian tube, bilateral, subs encntr (S37592D)","Other injury of fallopian tube, bilateral, subs encntr (S37592D)",,Diagnosis,N/A,,,,
,,ICD 10 - WHO:S37592S,"Other injury of fallopian tube, bilateral, sequela (S37592S)","Other injury of fallopian tube, bilateral, sequela (S37592S)",,Diagnosis,N/A,,,,
,,ICD 10 - WHO:S37599A,"Other injury of fallopian tube, unspecified, init encntr (S37599A)","Other injury of fallopian tube, unspecified, init encntr (S37599A)",,Diagnosis,N/A,,,,
,,ICD 10 - WHO:S37599D,"Other injury of fallopian tube, unspecified, subs encntr (S37599D)","Other injury of fallopian tube, unspecified, subs encntr (S37599D)",,Diagnosis,N/A,,,,
,,ICD 10 - WHO:S37599S,"Other injury of fallopian tube, unspecified, sequela (S37599S)","Other injury of fallopian tube, unspecified, sequela (S37599S)",,Diagnosis,N/A,,,,
,,ICD 10 - WHO:S3760XA,"Unspecified injury of uterus, initial encounter (S3760XA)","Unspecified injury of uterus, initial encounter (S3760XA)",,Diagnosis,N/A,,,,
,,ICD 10 - WHO:S3760XD,"Unspecified injury of uterus, subsequent encounter (S3760XD)","Unspecified injury of uterus, subsequent encounter (S3760XD)",,Diagnosis,N/A,,,,
,,ICD 10 - WHO:S3760XS,"Unspecified injury of uterus, sequela (S3760XS)","Unspecified injury of uterus, sequela (S3760XS)",,Diagnosis,N/A,,,,
,,ICD 10 - WHO:S3762XA,"Contusion of uterus, initial encounter (S3762XA)","Contusion of uterus, initial encounter (S3762XA)",,Diagnosis,N/A,,,,
,,ICD 10 - WHO:S3762XD,"Contusion of uterus, subsequent encounter (S3762XD)","Contusion of uterus, subsequent encounter (S3762XD)",,Diagnosis,N/A,,,,
,,ICD 10 - WHO:S3762XS,"Contusion of uterus, sequela (S3762XS)","Contusion of uterus, sequela (S3762XS)",,Diagnosis,N/A,,,,
,,ICD 10 - WHO:S3763XA,"Laceration of uterus, initial encounter (S3763XA)","Laceration of uterus, initial encounter (S3763XA)",,Diagnosis,N/A,,,,
,,ICD 10 - WHO:S3763XD,"Laceration of uterus, subsequent encounter (S3763XD)","Laceration of uterus, subsequent encounter (S3763XD)",,Diagnosis,N/A,,,,
,,ICD 10 - WHO:S3763XS,"Laceration of uterus, sequela (S3763XS)","Laceration of uterus, sequela (S3763XS)",,Diagnosis,N/A,,,,
,,ICD 10 - WHO:S3769XA,"Other injury of uterus, initial encounter (S3769XA)","Other injury of uterus, initial encounter (S3769XA)",,Diagnosis,N/A,,,,
,,ICD 10 - WHO:S3769XD,"Other injury of uterus, subsequent encounter (S3769XD)","Other injury of uterus, subsequent encounter (S3769XD)",,Diagnosis,N/A,,,,
,,ICD 10 - WHO:S3769XS,"Other injury of uterus, sequela (S3769XS)","Other injury of uterus, sequela (S3769XS)",,Diagnosis,N/A,,,,
,,ICD 10 - WHO:S38002A,"Crushing inj unsp external genital organs, female, init (S38002A)","Crushing inj unsp external genital organs, female, init (S38002A)",,Diagnosis,N/A,,,,
,,ICD 10 - WHO:S38002D,"Crushing inj unsp external genital organs, female, subs (S38002D)","Crushing inj unsp external genital organs, female, subs (S38002D)",,Diagnosis,N/A,,,,
,,ICD 10 - WHO:S38002S,"Crushing inj unsp external genital organs, female, sequela (S38002S)","Crushing inj unsp external genital organs, female, sequela (S38002S)",,Diagnosis,N/A,,,,
,,ICD 10 - WHO:S3803XA,"Crushing injury of vulva, initial encounter (S3803XA)","Crushing injury of vulva, initial encounter (S3803XA)",,Diagnosis,N/A,,,,
,,ICD 10 - WHO:S3803XD,"Crushing injury of vulva, subsequent encounter (S3803XD)","Crushing injury of vulva, subsequent encounter (S3803XD)",,Diagnosis,N/A,,,,
,,ICD 10 - WHO:S3803XS,"Crushing injury of vulva, sequela (S3803XS)","Crushing injury of vulva, sequela (S3803XS)",,Diagnosis,N/A,,,,
,,ICD 10 - WHO:S38211A,"Complete traum amp of female external genital organs, init (S38211A)","Complete traum amp of female external genital organs, init (S38211A)",,Diagnosis,N/A,,,,
,,ICD 10 - WHO:S38211D,"Complete traum amp of female external genital organs, subs (S38211D)","Complete traum amp of female external genital organs, subs (S38211D)",,Diagnosis,N/A,,,,
,,ICD 10 - WHO:S38211S,"Complete traum amp of female extrn genital organs, sequela (S38211S)","Complete traum amp of female extrn genital organs, sequela (S38211S)",,Diagnosis,N/A,,,,
,,ICD 10 - WHO:S38212A,"Partial traum amp of female external genital organs, init (S38212A)","Partial traum amp of female external genital organs, init (S38212A)",,Diagnosis,N/A,,,,
,,ICD 10 - WHO:S38212D,"Partial traum amp of female external genital organs, subs (S38212D)","Partial traum amp of female external genital organs, subs (S38212D)",,Diagnosis,N/A,,,,
,,ICD 10 - WHO:S38212S,"Partial traum amp of female external genital organs, sequela (S38212S)","Partial traum amp of female external genital organs, sequela (S38212S)",,Diagnosis,N/A,,,,
,,ICD 10 - WHO:T192XXA,"Foreign body in vulva and vagina, initial encounter (T192XXA)","Foreign body in vulva and vagina, initial encounter (T192XXA)",,Diagnosis,N/A,,,,
,,ICD 10 - WHO:T192XXD,"Foreign body in vulva and vagina, subsequent encounter (T192XXD)","Foreign body in vulva and vagina, subsequent encounter (T192XXD)",,Diagnosis,N/A,,,,
,,ICD 10 - WHO:T192XXS,"Foreign body in vulva and vagina, sequela (T192XXS)","Foreign body in vulva and vagina, sequela (T192XXS)",,Diagnosis,N/A,,,,
,,ICD 10 - WHO:T193XXA,"Foreign body in uterus, initial encounter (T193XXA)","Foreign body in uterus, initial encounter (T193XXA)",,Diagnosis,N/A,,,,
,,ICD 10 - WHO:T193XXD,"Foreign body in uterus, subsequent encounter (T193XXD)","Foreign body in uterus, subsequent encounter (T193XXD)",,Diagnosis,N/A,,,,
,,ICD 10 - WHO:T193XXS,"Foreign body in uterus, sequela (T193XXS)","Foreign body in uterus, sequela (T193XXS)",,Diagnosis,N/A,,,,
,,ICD 10 - WHO:T2107XA,"Burn of unsp degree of female genital region, init encntr (T2107XA)","Burn of unsp degree of female genital region, init encntr (T2107XA)",,Diagnosis,N/A,,,,
,,ICD 10 - WHO:T2107XD,"Burn of unsp degree of female genital region, subs encntr (T2107XD)","Burn of unsp degree of female genital region, subs encntr (T2107XD)",,Diagnosis,N/A,,,,
,,ICD 10 - WHO:T2107XS,"Burn of unspecified degree of female genital region, sequela (T2107XS)","Burn of unspecified degree of female genital region, sequela (T2107XS)",,Diagnosis,N/A,,,,
,,ICD 10 - WHO:T2117XA,"Burn of first degree of female genital region, init encntr (T2117XA)","Burn of first degree of female genital region, init encntr (T2117XA)",,Diagnosis,N/A,,,,
,,ICD 10 - WHO:T2117XD,"Burn of first degree of female genital region, subs encntr (T2117XD)","Burn of first degree of female genital region, subs encntr (T2117XD)",,Diagnosis,N/A,,,,
,,ICD 10 - WHO:T2117XS,"Burn of first degree of female genital region, sequela (T2117XS)","Burn of first degree of female genital region, sequela (T2117XS)",,Diagnosis,N/A,,,,
,,ICD 10 - WHO:T2127XA,"Burn of second degree of female genital region, init encntr (T2127XA)","Burn of second degree of female genital region, init encntr (T2127XA)",,Diagnosis,N/A,,,,
,,ICD 10 - WHO:T2127XD,"Burn of second degree of female genital region, subs encntr (T2127XD)","Burn of second degree of female genital region, subs encntr (T2127XD)",,Diagnosis,N/A,,,,
,,ICD 10 - WHO:T2127XS,"Burn of second degree of female genital region, sequela (T2127XS)","Burn of second degree of female genital region, sequela (T2127XS)",,Diagnosis,N/A,,,,
,,ICD 10 - WHO:T2137XA,"Burn of third degree of female genital region, init encntr (T2137XA)","Burn of third degree of female genital region, init encntr (T2137XA)",,Diagnosis,N/A,,,,
,,ICD 10 - WHO:T2137XD,"Burn of third degree of female genital region, subs encntr (T2137XD)","Burn of third degree of female genital region, subs encntr (T2137XD)",,Diagnosis,N/A,,,,
,,ICD 10 - WHO:T2137XS,"Burn of third degree of female genital region, sequela (T2137XS)","Burn of third degree of female genital region, sequela (T2137XS)",,Diagnosis,N/A,,,,
,,ICD 10 - WHO:T2147XA,"Corrosion of unsp degree of female genital region, init (T2147XA)","Corrosion of unsp degree of female genital region, init (T2147XA)",,Diagnosis,N/A,,,,
,,ICD 10 - WHO:T2147XD,"Corrosion of unsp degree of female genital region, subs (T2147XD)","Corrosion of unsp degree of female genital region, subs (T2147XD)",,Diagnosis,N/A,,,,
,,ICD 10 - WHO:T2147XS,"Corrosion of unsp degree of female genital region, sequela (T2147XS)","Corrosion of unsp degree of female genital region, sequela (T2147XS)",,Diagnosis,N/A,,,,
,,ICD 10 - WHO:T2157XA,"Corrosion of first degree of female genital region, init (T2157XA)","Corrosion of first degree of female genital region, init (T2157XA)",,Diagnosis,N/A,,,,
,,ICD 10 - WHO:T2157XD,"Corrosion of first degree of female genital region, subs (T2157XD)","Corrosion of first degree of female genital region, subs (T2157XD)",,Diagnosis,N/A,,,,
,,ICD 10 - WHO:T2157XS,"Corrosion of first degree of female genital region, sequela (T2157XS)","Corrosion of first degree of female genital region, sequela (T2157XS)",,Diagnosis,N/A,,,,
,,ICD 10 - WHO:T2167XA,"Corrosion of second degree of female genital region, init (T2167XA)","Corrosion of second degree of female genital region, init (T2167XA)",,Diagnosis,N/A,,,,
,,ICD 10 - WHO:T2167XD,"Corrosion of second degree of female genital region, subs (T2167XD)","Corrosion of second degree of female genital region, subs (T2167XD)",,Diagnosis,N/A,,,,
,,ICD 10 - WHO:T2167XS,"Corrosion of second degree of female genital region, sequela (T2167XS)","Corrosion of second degree of female genital region, sequela (T2167XS)",,Diagnosis,N/A,,,,
,,ICD 10 - WHO:T2177XA,"Corrosion of third degree of female genital region, init (T2177XA)","Corrosion of third degree of female genital region, init (T2177XA)",,Diagnosis,N/A,,,,
,,ICD 10 - WHO:T2177XD,"Corrosion of third degree of female genital region, subs (T2177XD)","Corrosion of third degree of female genital region, subs (T2177XD)",,Diagnosis,N/A,,,,
,,ICD 10 - WHO:T2177XS,"Corrosion of third degree of female genital region, sequela (T2177XS)","Corrosion of third degree of female genital region, sequela (T2177XS)",,Diagnosis,N/A,,,,
,,ICD 10 - WHO:T8331XD,"Breakdown (mechanical) of intrauterine contracep dev, subs (T8331XD)","Breakdown (mechanical) of intrauterine contracep dev, subs (T8331XD)",,Diagnosis,N/A,,,,
,,ICD 10 - WHO:T8331XS,"Breakdown of intrauterine contracep dev, sequela (T8331XS)","Breakdown of intrauterine contracep dev, sequela (T8331XS)",,Diagnosis,N/A,,,,
,,ICD 10 - WHO:T8332XD,"Displacement of intrauterine contraceptive device, subs (T8332XD)","Displacement of intrauterine contraceptive device, subs (T8332XD)",,Diagnosis,N/A,,,,
,,ICD 10 - WHO:T8332XS,"Displacement of intrauterine contraceptive device, sequela (T8332XS)","Displacement of intrauterine contraceptive device, sequela (T8332XS)",,Diagnosis,N/A,,,,
,,ICD 10 - WHO:T8339XD,"Mech compl of intrauterine contraceptive device, subs encntr (T8339XD)","Mech compl of intrauterine contraceptive device, subs encntr (T8339XD)",,Diagnosis,N/A,,,,
,,ICD 10 - WHO:T8339XS,"Mech compl of intrauterine contraceptive device, sequela (T8339XS)","Mech compl of intrauterine contraceptive device, sequela (T8339XS)",,Diagnosis,N/A,,,,
,,ICD 10 - WHO:T83711A,"Erosion of implnt vag prstht mtrl to surrnd org/tiss, init (T83711A)","Erosion of implnt vag prstht mtrl to surrnd org/tiss, init (T83711A)",,Diagnosis,N/A,,,,
,,ICD 10 - WHO:T83711D,"Erosion of implnt vag prstht mtrl to surrnd org/tiss, subs (T83711D)","Erosion of implnt vag prstht mtrl to surrnd org/tiss, subs (T83711D)",,Diagnosis,N/A,,,,
,,ICD 10 - WHO:T83711S,"Erosion of implnt vag prstht mtrl to surrnd org/tiss, sqla (T83711S)","Erosion of implnt vag prstht mtrl to surrnd org/tiss, sqla (T83711S)",,Diagnosis,N/A,,,,
,,ICD 10 - WHO:T83721A,"Exposure of implnt vag prstht mtrl into vagina, init encntr (T83721A)","Exposure of implnt vag prstht mtrl into vagina, init encntr (T83721A)",,Diagnosis,N/A,,,,
,,ICD 10 - WHO:T83721D,"Exposure of implnt vag prstht mtrl into vagina, subs encntr (T83721D)","Exposure of implnt vag prstht mtrl into vagina, subs encntr (T83721D)",,Diagnosis,N/A,,,,
,,ICD 10 - WHO:T83721S,"Exposure of implnt vag prstht mtrl into vagina, sequela (T83721S)","Exposure of implnt vag prstht mtrl into vagina, sequela (T83721S)",,Diagnosis,N/A,,,,
,,ICD 10 - WHO:Y760,Diagnostic and monitoring ob/gyn devices assoc w incdt (Y760),Diagnostic and monitoring ob/gyn devices assoc w incdt (Y760),,Diagnosis,N/A,,,,
,,ICD 10 - WHO:Y761,Therapeutic and rehab ob/gyn devices assoc w incdt (Y761),Therapeutic and rehab ob/gyn devices assoc w incdt (Y761),,Diagnosis,N/A,,,,
,,ICD 10 - WHO:Y762,Prosth/oth implnt/mtrls ob/gyn devices assoc w incdt (Y762),Prosth/oth implnt/mtrls ob/gyn devices assoc w incdt (Y762),,Diagnosis,N/A,,,,
,,ICD 10 - WHO:Y763,"Surgical instrumnt, matrl and ob/gyn devices assoc w incdt (Y763)","Surgical instrumnt, matrl and ob/gyn devices assoc w incdt (Y763)",,Diagnosis,N/A,,,,
,,ICD 10 - WHO:Y768,"Miscellaneous ob/gyn devices assoc w incdt, NEC (Y768)","Miscellaneous ob/gyn devices assoc w incdt, NEC (Y768)",,Diagnosis,N/A,,,,
,,ICD 10 - WHO:Z01411,Encntr for gyn exam (general) (routine) w abnormal findings (Z01411),Encntr for gyn exam (general) (routine) w abnormal findings (Z01411),,Diagnosis,N/A,,,,
,,ICD 10 - WHO:Z01419,Encntr for gyn exam (general) (routine) w/o abn findings (Z01419),Encntr for gyn exam (general) (routine) w/o abn findings (Z01419),,Diagnosis,N/A,,,,
,,ICD 10 - WHO:Z0142,Encntr for cerv smear to cnfrm norm smr fol init abn smear (Z0142),Encntr for cerv smear to cnfrm norm smr fol init abn smear (Z0142),,Diagnosis,N/A,,,,
,,ICD 10 - WHO:Z124,Encounter for screening for malignant neoplasm of cervix (Z124),Encounter for screening for malignant neoplasm of cervix (Z124),,Diagnosis,N/A,,,,
,,ICD 10 - WHO:Z1272,Encounter for screening for malignant neoplasm of vagina (Z1272),Encounter for screening for malignant neoplasm of vagina (Z1272),,Diagnosis,N/A,,,,
,,ICD 10 - WHO:Z1273,Encounter for screening for malignant neoplasm of ovary (Z1273),Encounter for screening for malignant neoplasm of ovary (Z1273),,Diagnosis,N/A,,,,
,,ICD 10 - WHO:Z1502,Genetic susceptibility to malignant neoplasm of ovary (Z1502),Genetic susceptibility to malignant neoplasm of ovary (Z1502),,Diagnosis,N/A,,,,
,,ICD 10 - WHO:Z1504,Genetic susceptibility to malignant neoplasm of endometrium (Z1504),Genetic susceptibility to malignant neoplasm of endometrium (Z1504),,Diagnosis,N/A,,,,
,,ICD 10 - WHO:Z30012,Encounter for prescription of emergency contraception (Z30012),Encounter for prescription of emergency contraception (Z30012),,Diagnosis,N/A,,,,
,,ICD 10 - WHO:Z30013,Encounter for initial prescription of injectable contracep (Z30013),Encounter for initial prescription of injectable contracep (Z30013),,Diagnosis,N/A,,,,
,,ICD 10 - WHO:Z30014,Encounter for initial prescription of uterin contracep dev (Z30014),Encounter for initial prescription of uterin contracep dev (Z30014),,Diagnosis,N/A,,,,
,,ICD 10 - WHO:Z30018,Encounter for initial prescription of other contraceptives (Z30018),Encounter for initial prescription of other contraceptives (Z30018),,Diagnosis,N/A,,,,
,,ICD 10 - WHO:Z30019,"Encounter for initial prescription of contraceptives, unsp (Z30019)","Encounter for initial prescription of contraceptives, unsp (Z30019)",,Diagnosis,N/A,,,,
,,ICD 10 - WHO:Z3042,Encounter for surveillance of injectable contraceptive (Z3042),Encounter for surveillance of injectable contraceptive (Z3042),,Diagnosis,N/A,,,,
,,ICD 10 - WHO:Z30430,Encounter for insertion of intrauterine contraceptive device (Z30430),Encounter for insertion of intrauterine contraceptive device (Z30430),,Diagnosis,N/A,,,,
,,ICD 10 - WHO:Z30432,Encounter for removal of intrauterine contraceptive device (Z30432),Encounter for removal of intrauterine contraceptive device (Z30432),,Diagnosis,N/A,,,,
,,ICD 10 - WHO:Z30433,Encntr for removal and reinsertion of uterin contracep dev (Z30433),Encntr for removal and reinsertion of uterin contracep dev (Z30433),,Diagnosis,N/A,,,,
,,ICD 10 - WHO:Z31430,Encntr fem for test for genetc dis carrier stat for pro mgmt (Z31430),Encntr fem for test for genetc dis carrier stat for pro mgmt (Z31430),,Diagnosis,N/A,,,,
,,ICD 10 - WHO:Z31438,Encounter for oth genetic testing of female for pro mgmt (Z31438),Encounter for oth genetic testing of female for pro mgmt (Z31438),,Diagnosis,N/A,,,,
,,ICD 10 - WHO:Z3181,Encounter for male factor infertility in female patient (Z3181),Encounter for male factor infertility in female patient (Z3181),,Diagnosis,N/A,,,,
,,ICD 10 - WHO:Z3182,Encounter for Rh incompatibility status (Z3182),Encounter for Rh incompatibility status (Z3182),,Diagnosis,N/A,,,,
,,ICD 10 - WHO:Z3183,Encounter for assisted reprodctv fertility procedure cycle (Z3183),Encounter for assisted reprodctv fertility procedure cycle (Z3183),,Diagnosis,N/A,,,,
,,ICD 10 - WHO:Z3200,"Encounter for pregnancy test, result unknown (Z3200)","Encounter for pregnancy test, result unknown (Z3200)",,Diagnosis,N/A,,,,
,,ICD 10 - WHO:Z3202,"Encounter for pregnancy test, result negative (Z3202)","Encounter for pregnancy test, result negative (Z3202)",,Diagnosis,N/A,,,,
,,ICD 10 - WHO:Z4002,Encounter for prophylactic removal of ovary (Z4002),Encounter for prophylactic removal of ovary (Z4002),,Diagnosis,N/A,,,,
,,ICD 10 - WHO:Z4430,"Encntr for fit/adjst of external breast prosth, unsp breast (Z4430)","Encntr for fit/adjst of external breast prosth, unsp breast (Z4430)",,Diagnosis,N/A,,,,
,,ICD 10 - WHO:Z4431,Encounter for fit/adjst of external right breast prosthesis (Z4431),Encounter for fit/adjst of external right breast prosthesis (Z4431),,Diagnosis,N/A,,,,
,,ICD 10 - WHO:Z4432,Encounter for fit/adjst of external left breast prosthesis (Z4432),Encounter for fit/adjst of external left breast prosthesis (Z4432),,Diagnosis,N/A,,,,
,,ICD 10 - WHO:Z45811,Encounter for adjustment or removal of right breast implant (Z45811),Encounter for adjustment or removal of right breast implant (Z45811),,Diagnosis,N/A,,,,
,,ICD 10 - WHO:Z45812,Encounter for adjustment or removal of left breast implant (Z45812),Encounter for adjustment or removal of left breast implant (Z45812),,Diagnosis,N/A,,,,
,,ICD 10 - WHO:Z45819,Encounter for adjustment or removal of unsp breast implant (Z45819),Encounter for adjustment or removal of unsp breast implant (Z45819),,Diagnosis,N/A,,,,
,,ICD 10 - WHO:Z641,Problems related to multiparity (Z641),Problems related to multiparity (Z641),,Diagnosis,N/A,,,,
,,ICD 10 - WHO:Z79890,Hormone replacement therapy (postmenopausal) (Z79890),Hormone replacement therapy (postmenopausal) (Z79890),,Diagnosis,N/A,,,,
,,ICD 10 - WHO:Z8041,Family history of malignant neoplasm of ovary (Z8041),Family history of malignant neoplasm of ovary (Z8041),,Diagnosis,N/A,,,,
,,ICD 10 - WHO:Z8540,Prsnl history of malig neoplm of unsp female genital organ (Z8540),Prsnl history of malig neoplm of unsp female genital organ (Z8540),,Diagnosis,N/A,,,,
,,ICD 10 - WHO:Z8541,Personal history of malignant neoplasm of cervix uteri (Z8541),Personal history of malignant neoplasm of cervix uteri (Z8541),,Diagnosis,N/A,,,,
,,ICD 10 - WHO:Z8542,Personal history of malignant neoplasm of oth prt uterus (Z8542),Personal history of malignant neoplasm of oth prt uterus (Z8542),,Diagnosis,N/A,,,,
,,ICD 10 - WHO:Z8543,Personal history of malignant neoplasm of ovary (Z8543),Personal history of malignant neoplasm of ovary (Z8543),,Diagnosis,N/A,,,,
,,ICD 10 - WHO:Z8544,Personal history of malig neoplasm of female genital organs (Z8544),Personal history of malig neoplasm of female genital organs (Z8544),,Diagnosis,N/A,,,,
,,ICD 10 - WHO:Z86001,Personal history of in-situ neoplasm of cervix uteri (Z86001),Personal history of in-situ neoplasm of cervix uteri (Z86001),,Diagnosis,N/A,,,,
,,ICD 10 - WHO:Z8632,Personal history of gestational diabetes (Z8632),Personal history of gestational diabetes (Z8632),,Diagnosis,N/A,,,,
,,ICD 10 - WHO:Z87410,Personal history of cervical dysplasia (Z87410),Personal history of cervical dysplasia (Z87410),,Diagnosis,N/A,,,,
,,ICD 10 - WHO:Z87411,Personal history of vaginal dysplasia (Z87411),Personal history of vaginal dysplasia (Z87411),,Diagnosis,N/A,,,,
,,ICD 10 - WHO:Z87412,Personal history of vulvar dysplasia (Z87412),Personal history of vulvar dysplasia (Z87412),,Diagnosis,N/A,,,,
,,ICD 10 - WHO:Z8742,Personal history of oth diseases of the female genital tract (Z8742),Personal history of oth diseases of the female genital tract (Z8742),,Diagnosis,N/A,,,,
,,ICD 10 - WHO:Z8759,"Personal history of comp of preg, chldbrth and the puerp (Z8759)","Personal history of comp of preg, chldbrth and the puerp (Z8759)",,Diagnosis,N/A,,,,
,,ICD 10 - WHO:Z90710,Acquired absence of both cervix and uterus (Z90710),Acquired absence of both cervix and uterus (Z90710),,Diagnosis,N/A,,,,
,,ICD 10 - WHO:Z90711,Acquired absence of uterus with remaining cervical stump (Z90711),Acquired absence of uterus with remaining cervical stump (Z90711),,Diagnosis,N/A,,,,
,,ICD 10 - WHO:Z90712,Acquired absence of cervix with remaining uterus (Z90712),Acquired absence of cervix with remaining uterus (Z90712),,Diagnosis,N/A,,,,
,,ICD 10 - WHO:Z90721,"Acquired absence of ovaries, unilateral (Z90721)","Acquired absence of ovaries, unilateral (Z90721)",,Diagnosis,N/A,,,,
,,ICD 10 - WHO:Z90722,"Acquired absence of ovaries, bilateral (Z90722)","Acquired absence of ovaries, bilateral (Z90722)",,Diagnosis,N/A,,,,
,,ICD 10 - WHO:Z9851,Tubal ligation status (Z9851),Tubal ligation status (Z9851),,Diagnosis,N/A,,,,
,,ICD 10 - WHO:Z98870,Personal history of in utero procedure during pregnancy (Z98870),Personal history of in utero procedure during pregnancy (Z98870),,Diagnosis,N/A,,,,
,,ICD 10 - WHO:A1815,Tuberculosis of other male genital organs (A1815),Tuberculosis of other male genital organs (A1815),,Diagnosis,N/A,,,,
,,ICD 10 - WHO:A5422,Gonococcal prostatitis (A5422),Gonococcal prostatitis (A5422),,Diagnosis,N/A,,,,
,,ICD 10 - WHO:A5423,Gonococcal infection of other male genital organs (A5423),Gonococcal infection of other male genital organs (A5423),,Diagnosis,N/A,,,,
,,ICD 10 - WHO:A5902,Trichomonal prostatitis (A5902),Trichomonal prostatitis (A5902),,Diagnosis,N/A,,,,
,,ICD 10 - WHO:A6001,Herpesviral infection of penis (A6001),Herpesviral infection of penis (A6001),,Diagnosis,N/A,,,,
,,ICD 10 - WHO:A6002,Herpesviral infection of other male genital organs (A6002),Herpesviral infection of other male genital organs (A6002),,Diagnosis,N/A,,,,
,,ICD 10 - WHO:B260,Mumps orchitis (B260),Mumps orchitis (B260),,Diagnosis,N/A,,,,
,,ICD 10 - WHO:B3881,Prostatic coccidioidomycosis (B3881),Prostatic coccidioidomycosis (B3881),,Diagnosis,N/A,,,,
,,ICD 10 - WHO:C50021,"Malignant neoplasm of nipple and areola, right male breast (C50021)","Malignant neoplasm of nipple and areola, right male breast (C50021)",,Diagnosis,N/A,,,,
,,ICD 10 - WHO:C50022,"Malignant neoplasm of nipple and areola, left male breast (C50022)","Malignant neoplasm of nipple and areola, left male breast (C50022)",,Diagnosis,N/A,,,,
,,ICD 10 - WHO:C50029,"Malignant neoplasm of nipple and areola, unsp male breast (C50029)","Malignant neoplasm of nipple and areola, unsp male breast (C50029)",,Diagnosis,N/A,,,,
,,ICD 10 - WHO:C50121,Malignant neoplasm of central portion of right male breast (C50121),Malignant neoplasm of central portion of right male breast (C50121),,Diagnosis,N/A,,,,
,,ICD 10 - WHO:C50122,Malignant neoplasm of central portion of left male breast (C50122),Malignant neoplasm of central portion of left male breast (C50122),,Diagnosis,N/A,,,,
,,ICD 10 - WHO:C50129,Malignant neoplasm of central portion of unsp male breast (C50129),Malignant neoplasm of central portion of unsp male breast (C50129),,Diagnosis,N/A,,,,
,,ICD 10 - WHO:C50221,Malig neoplasm of upper-inner quadrant of right male breast (C50221),Malig neoplasm of upper-inner quadrant of right male breast (C50221),,Diagnosis,N/A,,,,
,,ICD 10 - WHO:C50222,Malig neoplasm of upper-inner quadrant of left male breast (C50222),Malig neoplasm of upper-inner quadrant of left male breast (C50222),,Diagnosis,N/A,,,,
,,ICD 10 - WHO:C50229,Malig neoplasm of upper-inner quadrant of unsp male breast (C50229),Malig neoplasm of upper-inner quadrant of unsp male breast (C50229),,Diagnosis,N/A,,,,
,,ICD 10 - WHO:C50321,Malig neoplasm of lower-inner quadrant of right male breast (C50321),Malig neoplasm of lower-inner quadrant of right male breast (C50321),,Diagnosis,N/A,,,,
,,ICD 10 - WHO:C50322,Malig neoplasm of lower-inner quadrant of left male breast (C50322),Malig neoplasm of lower-inner quadrant of left male breast (C50322),,Diagnosis,N/A,,,,
,,ICD 10 - WHO:C50329,Malig neoplasm of lower-inner quadrant of unsp male breast (C50329),Malig neoplasm of lower-inner quadrant of unsp male breast (C50329),,Diagnosis,N/A,,,,
,,ICD 10 - WHO:C50421,Malig neoplasm of upper-outer quadrant of right male breast (C50421),Malig neoplasm of upper-outer quadrant of right male breast (C50421),,Diagnosis,N/A,,,,
,,ICD 10 - WHO:C50422,Malig neoplasm of upper-outer quadrant of left male breast (C50422),Malig neoplasm of upper-outer quadrant of left male breast (C50422),,Diagnosis,N/A,,,,
,,ICD 10 - WHO:C50429,Malig neoplasm of upper-outer quadrant of unsp male breast (C50429),Malig neoplasm of upper-outer quadrant of unsp male breast (C50429),,Diagnosis,N/A,,,,
,,ICD 10 - WHO:C50521,Malig neoplasm of lower-outer quadrant of right male breast (C50521),Malig neoplasm of lower-outer quadrant of right male breast (C50521),,Diagnosis,N/A,,,,
,,ICD 10 - WHO:C50522,Malig neoplasm of lower-outer quadrant of left male breast (C50522),Malig neoplasm of lower-outer quadrant of left male breast (C50522),,Diagnosis,N/A,,,,
,,ICD 10 - WHO:C50529,Malig neoplasm of lower-outer quadrant of unsp male breast (C50529),Malig neoplasm of lower-outer quadrant of unsp male breast (C50529),,Diagnosis,N/A,,,,
,,ICD 10 - WHO:C50621,Malignant neoplasm of axillary tail of right male breast (C50621),Malignant neoplasm of axillary tail of right male breast (C50621),,Diagnosis,N/A,,,,
,,ICD 10 - WHO:C50622,Malignant neoplasm of axillary tail of left male breast (C50622),Malignant neoplasm of axillary tail of left male breast (C50622),,Diagnosis,N/A,,,,
,,ICD 10 - WHO:C50629,Malignant neoplasm of axillary tail of unsp male breast (C50629),Malignant neoplasm of axillary tail of unsp male breast (C50629),,Diagnosis,N/A,,,,
,,ICD 10 - WHO:C50821,Malignant neoplasm of overlapping sites of right male breast (C50821),Malignant neoplasm of overlapping sites of right male breast (C50821),,Diagnosis,N/A,,,,
,,ICD 10 - WHO:C50822,Malignant neoplasm of overlapping sites of left male breast (C50822),Malignant neoplasm of overlapping sites of left male breast (C50822),,Diagnosis,N/A,,,,
,,ICD 10 - WHO:C50829,Malignant neoplasm of overlapping sites of unsp male breast (C50829),Malignant neoplasm of overlapping sites of unsp male breast (C50829),,Diagnosis,N/A,,,,
,,ICD 10 - WHO:C50921,Malignant neoplasm of unspecified site of right male breast (C50921),Malignant neoplasm of unspecified site of right male breast (C50921),,Diagnosis,N/A,,,,
,,ICD 10 - WHO:C50922,Malignant neoplasm of unspecified site of left male breast (C50922),Malignant neoplasm of unspecified site of left male breast (C50922),,Diagnosis,N/A,,,,
,,ICD 10 - WHO:C50929,Malignant neoplasm of unsp site of unspecified male breast (C50929),Malignant neoplasm of unsp site of unspecified male breast (C50929),,Diagnosis,N/A,,,,
,,ICD 10 - WHO:C600,Malignant neoplasm of prepuce (C600),Malignant neoplasm of prepuce (C600),,Diagnosis,N/A,,,,
,,ICD 10 - WHO:C601,Malignant neoplasm of glans penis (C601),Malignant neoplasm of glans penis (C601),,Diagnosis,N/A,,,,
,,ICD 10 - WHO:C602,Malignant neoplasm of body of penis (C602),Malignant neoplasm of body of penis (C602),,Diagnosis,N/A,,,,
,,ICD 10 - WHO:C608,Malignant neoplasm of overlapping sites of penis (C608),Malignant neoplasm of overlapping sites of penis (C608),,Diagnosis,N/A,,,,
,,ICD 10 - WHO:C609,"Malignant neoplasm of penis, unspecified (C609)","Malignant neoplasm of penis, unspecified (C609)",,Diagnosis,N/A,,,,
,,ICD 10 - WHO:C61,Malignant neoplasm of prostate (C61),Malignant neoplasm of prostate (C61),,Diagnosis,N/A,,,,
,,ICD 10 - WHO:C6200,Malignant neoplasm of unspecified undescended testis (C6200),Malignant neoplasm of unspecified undescended testis (C6200),,Diagnosis,N/A,,,,
,,ICD 10 - WHO:C6201,Malignant neoplasm of undescended right testis (C6201),Malignant neoplasm of undescended right testis (C6201),,Diagnosis,N/A,,,,
,,ICD 10 - WHO:C6202,Malignant neoplasm of undescended left testis (C6202),Malignant neoplasm of undescended left testis (C6202),,Diagnosis,N/A,,,,
,,ICD 10 - WHO:C6210,Malignant neoplasm of unspecified descended testis (C6210),Malignant neoplasm of unspecified descended testis (C6210),,Diagnosis,N/A,,,,
,,ICD 10 - WHO:C6211,Malignant neoplasm of descended right testis (C6211),Malignant neoplasm of descended right testis (C6211),,Diagnosis,N/A,,,,
,,ICD 10 - WHO:C6212,Malignant neoplasm of descended left testis (C6212),Malignant neoplasm of descended left testis (C6212),,Diagnosis,N/A,,,,
,,ICD 10 - WHO:C6290,"Malig neoplasm of unsp testis, unsp descended or undescended (C6290)","Malig neoplasm of unsp testis, unsp descended or undescended (C6290)",,Diagnosis,N/A,,,,
,,ICD 10 - WHO:C6291,"Malig neoplm of right testis, unsp descended or undescended (C6291)","Malig neoplm of right testis, unsp descended or undescended (C6291)",,Diagnosis,N/A,,,,
,,ICD 10 - WHO:C6292,"Malig neoplasm of left testis, unsp descended or undescended (C6292)","Malig neoplasm of left testis, unsp descended or undescended (C6292)",,Diagnosis,N/A,,,,
,,ICD 10 - WHO:C6300,Malignant neoplasm of unspecified epididymis (C6300),Malignant neoplasm of unspecified epididymis (C6300),,Diagnosis,N/A,,,,
,,ICD 10 - WHO:C6301,Malignant neoplasm of right epididymis (C6301),Malignant neoplasm of right epididymis (C6301),,Diagnosis,N/A,,,,
,,ICD 10 - WHO:C6302,Malignant neoplasm of left epididymis (C6302),Malignant neoplasm of left epididymis (C6302),,Diagnosis,N/A,,,,
,,ICD 10 - WHO:C6310,Malignant neoplasm of unspecified spermatic cord (C6310),Malignant neoplasm of unspecified spermatic cord (C6310),,Diagnosis,N/A,,,,
,,ICD 10 - WHO:C6311,Malignant neoplasm of right spermatic cord (C6311),Malignant neoplasm of right spermatic cord (C6311),,Diagnosis,N/A,,,,
,,ICD 10 - WHO:C6312,Malignant neoplasm of left spermatic cord (C6312),Malignant neoplasm of left spermatic cord (C6312),,Diagnosis,N/A,,,,
,,ICD 10 - WHO:C632,Malignant neoplasm of scrotum (C632),Malignant neoplasm of scrotum (C632),,Diagnosis,N/A,,,,
,,ICD 10 - WHO:C637,Malignant neoplasm of other specified male genital organs (C637),Malignant neoplasm of other specified male genital organs (C637),,Diagnosis,N/A,,,,
,,ICD 10 - WHO:C638,Malignant neoplasm of ovrlp sites of male genital organs (C638),Malignant neoplasm of ovrlp sites of male genital organs (C638),,Diagnosis,N/A,,,,
,,ICD 10 - WHO:C639,"Malignant neoplasm of male genital organ, unspecified (C639)","Malignant neoplasm of male genital organ, unspecified (C639)",,Diagnosis,N/A,,,,
,,ICD 10 - WHO:D074,Carcinoma in situ of penis (D074),Carcinoma in situ of penis (D074),,Diagnosis,N/A,,,,
,,ICD 10 - WHO:D075,Carcinoma in situ of prostate (D075),Carcinoma in situ of prostate (D075),,Diagnosis,N/A,,,,
,,ICD 10 - WHO:D0760,Carcinoma in situ of unspecified male genital organs (D0760),Carcinoma in situ of unspecified male genital organs (D0760),,Diagnosis,N/A,,,,
,,ICD 10 - WHO:D0761,Carcinoma in situ of scrotum (D0761),Carcinoma in situ of scrotum (D0761),,Diagnosis,N/A,,,,
,,ICD 10 - WHO:D0769,Carcinoma in situ of other male genital organs (D0769),Carcinoma in situ of other male genital organs (D0769),,Diagnosis,N/A,,,,
,,ICD 10 - WHO:D176,Benign lipomatous neoplasm of spermatic cord (D176),Benign lipomatous neoplasm of spermatic cord (D176),,Diagnosis,N/A,,,,
,,ICD 10 - WHO:D290,Benign neoplasm of penis (D290),Benign neoplasm of penis (D290),,Diagnosis,N/A,,,,
,,ICD 10 - WHO:D291,Benign neoplasm of prostate (D291),Benign neoplasm of prostate (D291),,Diagnosis,N/A,,,,
,,ICD 10 - WHO:D2920,Benign neoplasm of unspecified testis (D2920),Benign neoplasm of unspecified testis (D2920),,Diagnosis,N/A,,,,
,,ICD 10 - WHO:D2921,Benign neoplasm of right testis (D2921),Benign neoplasm of right testis (D2921),,Diagnosis,N/A,,,,
,,ICD 10 - WHO:D2922,Benign neoplasm of left testis (D2922),Benign neoplasm of left testis (D2922),,Diagnosis,N/A,,,,
,,ICD 10 - WHO:D2930,Benign neoplasm of unspecified epididymis (D2930),Benign neoplasm of unspecified epididymis (D2930),,Diagnosis,N/A,,,,
,,ICD 10 - WHO:D2931,Benign neoplasm of right epididymis (D2931),Benign neoplasm of right epididymis (D2931),,Diagnosis,N/A,,,,
,,ICD 10 - WHO:D2932,Benign neoplasm of left epididymis (D2932),Benign neoplasm of left epididymis (D2932),,Diagnosis,N/A,,,,
,,ICD 10 - WHO:D294,Benign neoplasm of scrotum (D294),Benign neoplasm of scrotum (D294),,Diagnosis,N/A,,,,
,,ICD 10 - WHO:D298,Benign neoplasm of other specified male genital organs (D298),Benign neoplasm of other specified male genital organs (D298),,Diagnosis,N/A,,,,
,,ICD 10 - WHO:D299,"Benign neoplasm of male genital organ, unspecified (D299)","Benign neoplasm of male genital organ, unspecified (D299)",,Diagnosis,N/A,,,,
,,ICD 10 - WHO:D400,Neoplasm of uncertain behavior of prostate (D400),Neoplasm of uncertain behavior of prostate (D400),,Diagnosis,N/A,,,,
,,ICD 10 - WHO:D4010,Neoplasm of uncertain behavior of unspecified testis (D4010),Neoplasm of uncertain behavior of unspecified testis (D4010),,Diagnosis,N/A,,,,
,,ICD 10 - WHO:D4011,Neoplasm of uncertain behavior of right testis (D4011),Neoplasm of uncertain behavior of right testis (D4011),,Diagnosis,N/A,,,,
,,ICD 10 - WHO:D4012,Neoplasm of uncertain behavior of left testis (D4012),Neoplasm of uncertain behavior of left testis (D4012),,Diagnosis,N/A,,,,
,,ICD 10 - WHO:D408,Neoplasm of uncertain behavior of oth male genital organs (D408),Neoplasm of uncertain behavior of oth male genital organs (D408),,Diagnosis,N/A,,,,
,,ICD 10 - WHO:D409,"Neoplasm of uncertain behavior of male genital organ, unsp (D409)","Neoplasm of uncertain behavior of male genital organ, unsp (D409)",,Diagnosis,N/A,,,,
,,ICD 10 - WHO:E290,Testicular hyperfunction (E290),Testicular hyperfunction (E290),,Diagnosis,N/A,,,,
,,ICD 10 - WHO:E291,Testicular hypofunction (E291),Testicular hypofunction (E291),,Diagnosis,N/A,,,,
,,ICD 10 - WHO:E298,Other testicular dysfunction (E298),Other testicular dysfunction (E298),,Diagnosis,N/A,,,,
,,ICD 10 - WHO:E299,"Testicular dysfunction, unspecified (E299)","Testicular dysfunction, unspecified (E299)",,Diagnosis,N/A,,,,
,,ICD 10 - WHO:E895,Postprocedural testicular hypofunction (E895),Postprocedural testicular hypofunction (E895),,Diagnosis,N/A,,,,
,,ICD 10 - WHO:F5221,Male erectile disorder (F5221),Male erectile disorder (F5221),,Diagnosis,N/A,,,,
,,ICD 10 - WHO:F5232,Male orgasmic disorder (F5232),Male orgasmic disorder (F5232),,Diagnosis,N/A,,,,
,,ICD 10 - WHO:F524,Premature ejaculation (F524),Premature ejaculation (F524),,Diagnosis,N/A,,,,
,,ICD 10 - WHO:I861,Scrotal varices (I861),Scrotal varices (I861),,Diagnosis,N/A,,,,
,,ICD 10 - WHO:L291,Pruritus scroti (L291),Pruritus scroti (L291),,Diagnosis,N/A,,,,
,,ICD 10 - WHO:N35010,"Post-traumatic urethral stricture, male, meatal (N35010)","Post-traumatic urethral stricture, male, meatal (N35010)",,Diagnosis,N/A,,,,
,,ICD 10 - WHO:N35014,"Post-traumatic urethral stricture, male, unspecified (N35014)","Post-traumatic urethral stricture, male, unspecified (N35014)",,Diagnosis,N/A,,,,
,,ICD 10 - WHO:N35111,"Postinfective urethral stricture, NEC, male, meatal (N35111)","Postinfective urethral stricture, NEC, male, meatal (N35111)",,Diagnosis,N/A,,,,
,,ICD 10 - WHO:N35119,"Postinfective urethral stricture, NEC, male, unsp (N35119)","Postinfective urethral stricture, NEC, male, unsp (N35119)",,Diagnosis,N/A,,,,
,,ICD 10 - WHO:N423,Dysplasia of prostate (N423),Dysplasia of prostate (N423),,Diagnosis,N/A,,,,
,,ICD 10 - WHO:N430,Encysted hydrocele (N430),Encysted hydrocele (N430),,Diagnosis,N/A,,,,
,,ICD 10 - WHO:N431,Infected hydrocele (N431),Infected hydrocele (N431),,Diagnosis,N/A,,,,
,,ICD 10 - WHO:N432,Other hydrocele (N432),Other hydrocele (N432),,Diagnosis,N/A,,,,
,,ICD 10 - WHO:N433,"Hydrocele, unspecified (N433)","Hydrocele, unspecified (N433)",,Diagnosis,N/A,,,,
,,ICD 10 - WHO:N4340,"Spermatocele of epididymis, unspecified (N4340)","Spermatocele of epididymis, unspecified (N4340)",,Diagnosis,N/A,,,,
,,ICD 10 - WHO:N4341,"Spermatocele of epididymis, single (N4341)","Spermatocele of epididymis, single (N4341)",,Diagnosis,N/A,,,,
,,ICD 10 - WHO:N4342,"Spermatocele of epididymis, multiple (N4342)","Spermatocele of epididymis, multiple (N4342)",,Diagnosis,N/A,,,,
,,ICD 10 - WHO:N4400,"Torsion of testis, unspecified (N4400)","Torsion of testis, unspecified (N4400)",,Diagnosis,N/A,,,,
,,ICD 10 - WHO:N4401,Extravaginal torsion of spermatic cord (N4401),Extravaginal torsion of spermatic cord (N4401),,Diagnosis,N/A,,,,
,,ICD 10 - WHO:N4402,Intravaginal torsion of spermatic cord (N4402),Intravaginal torsion of spermatic cord (N4402),,Diagnosis,N/A,,,,
,,ICD 10 - WHO:N4403,Torsion of appendix testis (N4403),Torsion of appendix testis (N4403),,Diagnosis,N/A,,,,
,,ICD 10 - WHO:N4404,Torsion of appendix epididymis (N4404),Torsion of appendix epididymis (N4404),,Diagnosis,N/A,,,,
,,ICD 10 - WHO:N441,Cyst of tunica albuginea testis (N441),Cyst of tunica albuginea testis (N441),,Diagnosis,N/A,,,,
,,ICD 10 - WHO:N442,Benign cyst of testis (N442),Benign cyst of testis (N442),,Diagnosis,N/A,,,,
,,ICD 10 - WHO:N448,Other noninflammatory disorders of the testis (N448),Other noninflammatory disorders of the testis (N448),,Diagnosis,N/A,,,,
,,ICD 10 - WHO:N451,Epididymitis (N451),Epididymitis (N451),,Diagnosis,N/A,,,,
,,ICD 10 - WHO:N452,Orchitis (N452),Orchitis (N452),,Diagnosis,N/A,,,,
,,ICD 10 - WHO:N453,Epididymo-orchitis (N453),Epididymo-orchitis (N453),,Diagnosis,N/A,,,,
,,ICD 10 - WHO:N454,Abscess of epididymis or testis (N454),Abscess of epididymis or testis (N454),,Diagnosis,N/A,,,,
,,ICD 10 - WHO:N471,Phimosis (N471),Phimosis (N471),,Diagnosis,N/A,,,,
,,ICD 10 - WHO:N472,Paraphimosis (N472),Paraphimosis (N472),,Diagnosis,N/A,,,,
,,ICD 10 - WHO:N473,Deficient foreskin (N473),Deficient foreskin (N473),,Diagnosis,N/A,,,,
,,ICD 10 - WHO:N474,Benign cyst of prepuce (N474),Benign cyst of prepuce (N474),,Diagnosis,N/A,,,,
,,ICD 10 - WHO:N475,Adhesions of prepuce and glans penis (N475),Adhesions of prepuce and glans penis (N475),,Diagnosis,N/A,,,,
,,ICD 10 - WHO:N476,Balanoposthitis (N476),Balanoposthitis (N476),,Diagnosis,N/A,,,,
,,ICD 10 - WHO:N477,Other inflammatory diseases of prepuce (N477),Other inflammatory diseases of prepuce (N477),,Diagnosis,N/A,,,,
,,ICD 10 - WHO:N478,Other disorders of prepuce (N478),Other disorders of prepuce (N478),,Diagnosis,N/A,,,,
,,ICD 10 - WHO:N480,Leukoplakia of penis (N480),Leukoplakia of penis (N480),,Diagnosis,N/A,,,,
,,ICD 10 - WHO:N481,Balanitis (N481),Balanitis (N481),,Diagnosis,N/A,,,,
,,ICD 10 - WHO:N4821,Abscess of corpus cavernosum and penis (N4821),Abscess of corpus cavernosum and penis (N4821),,Diagnosis,N/A,,,,
,,ICD 10 - WHO:N4822,Cellulitis of corpus cavernosum and penis (N4822),Cellulitis of corpus cavernosum and penis (N4822),,Diagnosis,N/A,,,,
,,ICD 10 - WHO:N4829,Other inflammatory disorders of penis (N4829),Other inflammatory disorders of penis (N4829),,Diagnosis,N/A,,,,
,,ICD 10 - WHO:N4830,"Priapism, unspecified (N4830)","Priapism, unspecified (N4830)",,Diagnosis,N/A,,,,
,,ICD 10 - WHO:N4831,Priapism due to trauma (N4831),Priapism due to trauma (N4831),,Diagnosis,N/A,,,,
,,ICD 10 - WHO:N4832,Priapism due to disease classified elsewhere (N4832),Priapism due to disease classified elsewhere (N4832),,Diagnosis,N/A,,,,
,,ICD 10 - WHO:N4833,"Priapism, drug-induced (N4833)","Priapism, drug-induced (N4833)",,Diagnosis,N/A,,,,
,,ICD 10 - WHO:N4839,Other priapism (N4839),Other priapism (N4839),,Diagnosis,N/A,,,,
,,ICD 10 - WHO:N485,Ulcer of penis (N485),Ulcer of penis (N485),,Diagnosis,N/A,,,,
,,ICD 10 - WHO:N4881,Thrombosis of superficial vein of penis (N4881),Thrombosis of superficial vein of penis (N4881),,Diagnosis,N/A,,,,
,,ICD 10 - WHO:N4882,Acquired torsion of penis (N4882),Acquired torsion of penis (N4882),,Diagnosis,N/A,,,,
,,ICD 10 - WHO:N4883,Acquired buried penis (N4883),Acquired buried penis (N4883),,Diagnosis,N/A,,,,
,,ICD 10 - WHO:N4889,Other specified disorders of penis (N4889),Other specified disorders of penis (N4889),,Diagnosis,N/A,,,,
,,ICD 10 - WHO:N489,"Disorder of penis, unspecified (N489)","Disorder of penis, unspecified (N489)",,Diagnosis,N/A,,,,
,,ICD 10 - WHO:N490,Inflammatory disorders of seminal vesicle (N490),Inflammatory disorders of seminal vesicle (N490),,Diagnosis,N/A,,,,
,,ICD 10 - WHO:N491,"Inflam disorders of sperm cord, tunica vaginalis and vas def (N491)","Inflam disorders of sperm cord, tunica vaginalis and vas def (N491)",,Diagnosis,N/A,,,,
,,ICD 10 - WHO:N492,Inflammatory disorders of scrotum (N492),Inflammatory disorders of scrotum (N492),,Diagnosis,N/A,,,,
,,ICD 10 - WHO:N493,Fournier gangrene (N493),Fournier gangrene (N493),,Diagnosis,N/A,,,,
,,ICD 10 - WHO:N498,Inflammatory disorders of oth male genital organs (N498),Inflammatory disorders of oth male genital organs (N498),,Diagnosis,N/A,,,,
,,ICD 10 - WHO:N499,Inflammatory disorder of unspecified male genital organ (N499),Inflammatory disorder of unspecified male genital organ (N499),,Diagnosis,N/A,,,,
,,ICD 10 - WHO:N500,Atrophy of testis (N500),Atrophy of testis (N500),,Diagnosis,N/A,,,,
,,ICD 10 - WHO:N501,Vascular disorders of male genital organs (N501),Vascular disorders of male genital organs (N501),,Diagnosis,N/A,,,,
,,ICD 10 - WHO:N503,Cyst of epididymis (N503),Cyst of epididymis (N503),,Diagnosis,N/A,,,,
,,ICD 10 - WHO:N508,Other specified disorders of male genital organs (N508),Other specified disorders of male genital organs (N508),,Diagnosis,N/A,,,,
,,ICD 10 - WHO:N509,"Disorder of male genital organs, unspecified (N509)","Disorder of male genital organs, unspecified (N509)",,Diagnosis,N/A,,,,
,,ICD 10 - WHO:N51,Disorders of male genital organs in diseases classd elswhr (N51),Disorders of male genital organs in diseases classd elswhr (N51),,Diagnosis,N/A,,,,
,,ICD 10 - WHO:N5312,Painful ejaculation (N5312),Painful ejaculation (N5312),,Diagnosis,N/A,,,,
,,ICD 10 - WHO:N538,Other male sexual dysfunction (N538),Other male sexual dysfunction (N538),,Diagnosis,N/A,,,,
,,ICD 10 - WHO:N539,Unspecified male sexual dysfunction (N539),Unspecified male sexual dysfunction (N539),,Diagnosis,N/A,,,,
,,ICD 10 - WHO:N99110,"Postprocedural urethral stricture, male, meatal (N99110)","Postprocedural urethral stricture, male, meatal (N99110)",,Diagnosis,N/A,,,,
,,ICD 10 - WHO:N99114,"Postprocedural urethral stricture, male, unspecified (N99114)","Postprocedural urethral stricture, male, unspecified (N99114)",,Diagnosis,N/A,,,,
,,ICD 10 - WHO:P835,Congenital hydrocele (P835),Congenital hydrocele (P835),,Diagnosis,N/A,,,,
,,ICD 10 - WHO:Q5300,"Ectopic testis, unspecified (Q5300)","Ectopic testis, unspecified (Q5300)",,Diagnosis,N/A,,,,
,,ICD 10 - WHO:Q5301,"Ectopic testis, unilateral (Q5301)","Ectopic testis, unilateral (Q5301)",,Diagnosis,N/A,,,,
,,ICD 10 - WHO:Q5302,"Ectopic testes, bilateral (Q5302)","Ectopic testes, bilateral (Q5302)",,Diagnosis,N/A,,,,
,,ICD 10 - WHO:Q5310,"Unspecified undescended testicle, unilateral (Q5310)","Unspecified undescended testicle, unilateral (Q5310)",,Diagnosis,N/A,,,,
,,ICD 10 - WHO:Q5311,"Abdominal testis, unilateral (Q5311)","Abdominal testis, unilateral (Q5311)",,Diagnosis,N/A,,,,
,,ICD 10 - WHO:Q5312,"Ectopic perineal testis, unilateral (Q5312)","Ectopic perineal testis, unilateral (Q5312)",,Diagnosis,N/A,,,,
,,ICD 10 - WHO:Q5320,"Undescended testicle, unspecified, bilateral (Q5320)","Undescended testicle, unspecified, bilateral (Q5320)",,Diagnosis,N/A,,,,
,,ICD 10 - WHO:Q5321,"Abdominal testis, bilateral (Q5321)","Abdominal testis, bilateral (Q5321)",,Diagnosis,N/A,,,,
,,ICD 10 - WHO:Q5322,"Ectopic perineal testis, bilateral (Q5322)","Ectopic perineal testis, bilateral (Q5322)",,Diagnosis,N/A,,,,
,,ICD 10 - WHO:Q539,"Undescended testicle, unspecified (Q539)","Undescended testicle, unspecified (Q539)",,Diagnosis,N/A,,,,
,,ICD 10 - WHO:Q540,"Hypospadias, balanic (Q540)","Hypospadias, balanic (Q540)",,Diagnosis,N/A,,,,
,,ICD 10 - WHO:Q541,"Hypospadias, penile (Q541)","Hypospadias, penile (Q541)",,Diagnosis,N/A,,,,
,,ICD 10 - WHO:Q542,"Hypospadias, penoscrotal (Q542)","Hypospadias, penoscrotal (Q542)",,Diagnosis,N/A,,,,
,,ICD 10 - WHO:Q543,"Hypospadias, perineal (Q543)","Hypospadias, perineal (Q543)",,Diagnosis,N/A,,,,
,,ICD 10 - WHO:Q544,Congenital chordee (Q544),Congenital chordee (Q544),,Diagnosis,N/A,,,,
,,ICD 10 - WHO:Q548,Other hypospadias (Q548),Other hypospadias (Q548),,Diagnosis,N/A,,,,
,,ICD 10 - WHO:Q549,"Hypospadias, unspecified (Q549)","Hypospadias, unspecified (Q549)",,Diagnosis,N/A,,,,
,,ICD 10 - WHO:Q550,Absence and aplasia of testis (Q550),Absence and aplasia of testis (Q550),,Diagnosis,N/A,,,,
,,ICD 10 - WHO:Q551,Hypoplasia of testis and scrotum (Q551),Hypoplasia of testis and scrotum (Q551),,Diagnosis,N/A,,,,
,,ICD 10 - WHO:Q5520,Unspecified congenital malformations of testis and scrotum (Q5520),Unspecified congenital malformations of testis and scrotum (Q5520),,Diagnosis,N/A,,,,
,,ICD 10 - WHO:Q5521,Polyorchism (Q5521),Polyorchism (Q5521),,Diagnosis,N/A,,,,
,,ICD 10 - WHO:Q5522,Retractile testis (Q5522),Retractile testis (Q5522),,Diagnosis,N/A,,,,
,,ICD 10 - WHO:Q5523,Scrotal transposition (Q5523),Scrotal transposition (Q5523),,Diagnosis,N/A,,,,
,,ICD 10 - WHO:Q5529,Other congenital malformations of testis and scrotum (Q5529),Other congenital malformations of testis and scrotum (Q5529),,Diagnosis,N/A,,,,
,,ICD 10 - WHO:Q553,Atresia of vas deferens (Q553),Atresia of vas deferens (Q553),,Diagnosis,N/A,,,,
,,ICD 10 - WHO:Q554,"Oth congen malform of vas def,epidid, semnl vescl & prostate (Q554)","Oth congen malform of vas def,epidid, semnl vescl & prostate (Q554)",,Diagnosis,N/A,,,,
,,ICD 10 - WHO:Q555,Congenital absence and aplasia of penis (Q555),Congenital absence and aplasia of penis (Q555),,Diagnosis,N/A,,,,
,,ICD 10 - WHO:Q5561,Curvature of penis (lateral) (Q5561),Curvature of penis (lateral) (Q5561),,Diagnosis,N/A,,,,
,,ICD 10 - WHO:Q5562,Hypoplasia of penis (Q5562),Hypoplasia of penis (Q5562),,Diagnosis,N/A,,,,
,,ICD 10 - WHO:Q5563,Congenital torsion of penis (Q5563),Congenital torsion of penis (Q5563),,Diagnosis,N/A,,,,
,,ICD 10 - WHO:Q5564,Hidden penis (Q5564),Hidden penis (Q5564),,Diagnosis,N/A,,,,
,,ICD 10 - WHO:Q5569,Other congenital malformation of penis (Q5569),Other congenital malformation of penis (Q5569),,Diagnosis,N/A,,,,
,,ICD 10 - WHO:Q557,Congenital vasocutaneous fistula (Q557),Congenital vasocutaneous fistula (Q557),,Diagnosis,N/A,,,,
,,ICD 10 - WHO:Q558,Oth congenital malformations of male genital organs (Q558),Oth congenital malformations of male genital organs (Q558),,Diagnosis,N/A,,,,
,,ICD 10 - WHO:Q559,"Congenital malformation of male genital organ, unspecified (Q559)","Congenital malformation of male genital organ, unspecified (Q559)",,Diagnosis,N/A,,,,
,,ICD 10 - WHO:Q561,"Male pseudohermaphroditism, not elsewhere classified (Q561)","Male pseudohermaphroditism, not elsewhere classified (Q561)",,Diagnosis,N/A,,,,
,,ICD 10 - WHO:Q640,Epispadias (Q640),Epispadias (Q640),,Diagnosis,N/A,,,,
,,ICD 10 - WHO:Q980,"Klinefelter syndrome karyotype 47, XXY (Q980)","Klinefelter syndrome karyotype 47, XXY (Q980)",,Diagnosis,N/A,,,,
,,ICD 10 - WHO:Q981,"Klinefelter syndrome, male with more than two X chromosomes (Q981)","Klinefelter syndrome, male with more than two X chromosomes (Q981)",,Diagnosis,N/A,,,,
,,ICD 10 - WHO:Q983,"Other male with 46, XX karyotype (Q983)","Other male with 46, XX karyotype (Q983)",,Diagnosis,N/A,,,,
,,ICD 10 - WHO:Q984,"Klinefelter syndrome, unspecified (Q984)","Klinefelter syndrome, unspecified (Q984)",,Diagnosis,N/A,,,,
,,ICD 10 - WHO:Q986,Male with structurally abnormal sex chromosome (Q986),Male with structurally abnormal sex chromosome (Q986),,Diagnosis,N/A,,,,
,,ICD 10 - WHO:Q987,Male with sex chromosome mosaicism (Q987),Male with sex chromosome mosaicism (Q987),,Diagnosis,N/A,,,,
,,ICD 10 - WHO:Q988,"Other specified sex chromosome abnormalities, male phenotype (Q988)","Other specified sex chromosome abnormalities, male phenotype (Q988)",,Diagnosis,N/A,,,,
,,ICD 10 - WHO:Q989,"Sex chromosome abnormality, male phenotype, unspecified (Q989)","Sex chromosome abnormality, male phenotype, unspecified (Q989)",,Diagnosis,N/A,,,,
,,ICD 10 - WHO:R361,Hematospermia (R361),Hematospermia (R361),,Diagnosis,N/A,,,,
,,ICD 10 - WHO:R860,Abn lev enzymes in specimens from male genital organs (R860),Abn lev enzymes in specimens from male genital organs (R860),,Diagnosis,N/A,,,,
,,ICD 10 - WHO:R861,Abn lev hormones in specimens from male genital organs (R861),Abn lev hormones in specimens from male genital organs (R861),,Diagnosis,N/A,,,,
,,ICD 10 - WHO:R862,Abn lev drug/meds/biol subst in specmn from male gntl organs (R862),Abn lev drug/meds/biol subst in specmn from male gntl organs (R862),,Diagnosis,N/A,,,,
,,ICD 10 - WHO:R863,Abn lev substnc nonmed source in specmn from male gntl org (R863),Abn lev substnc nonmed source in specmn from male gntl org (R863),,Diagnosis,N/A,,,,
,,ICD 10 - WHO:R864,Abn immunolog findings in specmn from male genital organs (R864),Abn immunolog findings in specmn from male genital organs (R864),,Diagnosis,N/A,,,,
,,ICD 10 - WHO:R865,Abn microbiolog findings in specmn from male genital organs (R865),Abn microbiolog findings in specmn from male genital organs (R865),,Diagnosis,N/A,,,,
,,ICD 10 - WHO:R866,Abnormal cytolog findings in specmn from male genital organs (R866),Abnormal cytolog findings in specmn from male genital organs (R866),,Diagnosis,N/A,,,,
,,ICD 10 - WHO:R867,Abn histolog findings in specmn from male genital organs (R867),Abn histolog findings in specmn from male genital organs (R867),,Diagnosis,N/A,,,,
,,ICD 10 - WHO:R868,Oth abnormal findings in specimens from male genital organs (R868),Oth abnormal findings in specimens from male genital organs (R868),,Diagnosis,N/A,,,,
,,ICD 10 - WHO:R869,Unsp abnormal finding in specimens from male genital organs (R869),Unsp abnormal finding in specimens from male genital organs (R869),,Diagnosis,N/A,,,,
,,ICD 10 - WHO:S30201A,"Contusion of unsp external genital organ, male, init encntr (S30201A)","Contusion of unsp external genital organ, male, init encntr (S30201A)",,Diagnosis,N/A,,,,
,,ICD 10 - WHO:S30201D,"Contusion of unsp external genital organ, male, subs encntr (S30201D)","Contusion of unsp external genital organ, male, subs encntr (S30201D)",,Diagnosis,N/A,,,,
,,ICD 10 - WHO:S30201S,"Contusion of unsp external genital organ, male, sequela (S30201S)","Contusion of unsp external genital organ, male, sequela (S30201S)",,Diagnosis,N/A,,,,
,,ICD 10 - WHO:S3021XA,"Contusion of penis, initial encounter (S3021XA)","Contusion of penis, initial encounter (S3021XA)",,Diagnosis,N/A,,,,
,,ICD 10 - WHO:S3021XD,"Contusion of penis, subsequent encounter (S3021XD)","Contusion of penis, subsequent encounter (S3021XD)",,Diagnosis,N/A,,,,
,,ICD 10 - WHO:S3021XS,"Contusion of penis, sequela (S3021XS)","Contusion of penis, sequela (S3021XS)",,Diagnosis,N/A,,,,
,,ICD 10 - WHO:S3022XA,"Contusion of scrotum and testes, initial encounter (S3022XA)","Contusion of scrotum and testes, initial encounter (S3022XA)",,Diagnosis,N/A,,,,
,,ICD 10 - WHO:S3022XD,"Contusion of scrotum and testes, subsequent encounter (S3022XD)","Contusion of scrotum and testes, subsequent encounter (S3022XD)",,Diagnosis,N/A,,,,
,,ICD 10 - WHO:S3022XS,"Contusion of scrotum and testes, sequela (S3022XS)","Contusion of scrotum and testes, sequela (S3022XS)",,Diagnosis,N/A,,,,
,,ICD 10 - WHO:S30812A,"Abrasion of penis, initial encounter (S30812A)","Abrasion of penis, initial encounter (S30812A)",,Diagnosis,N/A,,,,
,,ICD 10 - WHO:S30812D,"Abrasion of penis, subsequent encounter (S30812D)","Abrasion of penis, subsequent encounter (S30812D)",,Diagnosis,N/A,,,,
,,ICD 10 - WHO:S30812S,"Abrasion of penis, sequela (S30812S)","Abrasion of penis, sequela (S30812S)",,Diagnosis,N/A,,,,
,,ICD 10 - WHO:S30813A,"Abrasion of scrotum and testes, initial encounter (S30813A)","Abrasion of scrotum and testes, initial encounter (S30813A)",,Diagnosis,N/A,,,,
,,ICD 10 - WHO:S30813D,"Abrasion of scrotum and testes, subsequent encounter (S30813D)","Abrasion of scrotum and testes, subsequent encounter (S30813D)",,Diagnosis,N/A,,,,
,,ICD 10 - WHO:S30813S,"Abrasion of scrotum and testes, sequela (S30813S)","Abrasion of scrotum and testes, sequela (S30813S)",,Diagnosis,N/A,,,,
,,ICD 10 - WHO:S30815A,"Abrasion of unsp external genital organs, male, init encntr (S30815A)","Abrasion of unsp external genital organs, male, init encntr (S30815A)",,Diagnosis,N/A,,,,
,,ICD 10 - WHO:S30815D,"Abrasion of unsp external genital organs, male, subs encntr (S30815D)","Abrasion of unsp external genital organs, male, subs encntr (S30815D)",,Diagnosis,N/A,,,,
,,ICD 10 - WHO:S30815S,"Abrasion of unsp external genital organs, male, sequela (S30815S)","Abrasion of unsp external genital organs, male, sequela (S30815S)",,Diagnosis,N/A,,,,
,,ICD 10 - WHO:S30822A,"Blister (nonthermal) of penis, initial encounter (S30822A)","Blister (nonthermal) of penis, initial encounter (S30822A)",,Diagnosis,N/A,,,,
,,ICD 10 - WHO:S30822D,"Blister (nonthermal) of penis, subsequent encounter (S30822D)","Blister (nonthermal) of penis, subsequent encounter (S30822D)",,Diagnosis,N/A,,,,
,,ICD 10 - WHO:S30822S,"Blister (nonthermal) of penis, sequela (S30822S)","Blister (nonthermal) of penis, sequela (S30822S)",,Diagnosis,N/A,,,,
,,ICD 10 - WHO:S30823A,"Blister (nonthermal) of scrotum and testes, init encntr (S30823A)","Blister (nonthermal) of scrotum and testes, init encntr (S30823A)",,Diagnosis,N/A,,,,
,,ICD 10 - WHO:S30823D,"Blister (nonthermal) of scrotum and testes, subs encntr (S30823D)","Blister (nonthermal) of scrotum and testes, subs encntr (S30823D)",,Diagnosis,N/A,,,,
,,ICD 10 - WHO:S30823S,"Blister (nonthermal) of scrotum and testes, sequela (S30823S)","Blister (nonthermal) of scrotum and testes, sequela (S30823S)",,Diagnosis,N/A,,,,
,,ICD 10 - WHO:S30825A,"Blister of unsp external genital organs, male, init (S30825A)","Blister of unsp external genital organs, male, init (S30825A)",,Diagnosis,N/A,,,,
,,ICD 10 - WHO:S30825D,"Blister of unsp external genital organs, male, subs (S30825D)","Blister of unsp external genital organs, male, subs (S30825D)",,Diagnosis,N/A,,,,
,,ICD 10 - WHO:S30825S,"Blister of unsp external genital organs, male, sequela (S30825S)","Blister of unsp external genital organs, male, sequela (S30825S)",,Diagnosis,N/A,,,,
,,ICD 10 - WHO:S30842A,"External constriction of penis, initial encounter (S30842A)","External constriction of penis, initial encounter (S30842A)",,Diagnosis,N/A,,,,
,,ICD 10 - WHO:S30842D,"External constriction of penis, subsequent encounter (S30842D)","External constriction of penis, subsequent encounter (S30842D)",,Diagnosis,N/A,,,,
,,ICD 10 - WHO:S30842S,"External constriction of penis, sequela (S30842S)","External constriction of penis, sequela (S30842S)",,Diagnosis,N/A,,,,
,,ICD 10 - WHO:S30843A,"External constriction of scrotum and testes, init encntr (S30843A)","External constriction of scrotum and testes, init encntr (S30843A)",,Diagnosis,N/A,,,,
,,ICD 10 - WHO:S30843D,"External constriction of scrotum and testes, subs encntr (S30843D)","External constriction of scrotum and testes, subs encntr (S30843D)",,Diagnosis,N/A,,,,
,,ICD 10 - WHO:S30843S,"External constriction of scrotum and testes, sequela (S30843S)","External constriction of scrotum and testes, sequela (S30843S)",,Diagnosis,N/A,,,,
,,ICD 10 - WHO:S30845A,"Extrn constrict of unsp external genital organs, male, init (S30845A)","Extrn constrict of unsp external genital organs, male, init (S30845A)",,Diagnosis,N/A,,,,
,,ICD 10 - WHO:S30845D,"Extrn constrict of unsp external genital organs, male, subs (S30845D)","Extrn constrict of unsp external genital organs, male, subs (S30845D)",,Diagnosis,N/A,,,,
,,ICD 10 - WHO:S30845S,"Extrn constrict of unsp extrn genital organs, male, sequela (S30845S)","Extrn constrict of unsp extrn genital organs, male, sequela (S30845S)",,Diagnosis,N/A,,,,
,,ICD 10 - WHO:S30852A,"Superficial foreign body of penis, initial encounter (S30852A)","Superficial foreign body of penis, initial encounter (S30852A)",,Diagnosis,N/A,,,,
,,ICD 10 - WHO:S30852D,"Superficial foreign body of penis, subsequent encounter (S30852D)","Superficial foreign body of penis, subsequent encounter (S30852D)",,Diagnosis,N/A,,,,
,,ICD 10 - WHO:S30852S,"Superficial foreign body of penis, sequela (S30852S)","Superficial foreign body of penis, sequela (S30852S)",,Diagnosis,N/A,,,,
,,ICD 10 - WHO:S30853A,"Superficial foreign body of scrotum and testes, init encntr (S30853A)","Superficial foreign body of scrotum and testes, init encntr (S30853A)",,Diagnosis,N/A,,,,
,,ICD 10 - WHO:S30853D,"Superficial foreign body of scrotum and testes, subs encntr (S30853D)","Superficial foreign body of scrotum and testes, subs encntr (S30853D)",,Diagnosis,N/A,,,,
,,ICD 10 - WHO:S30853S,"Superficial foreign body of scrotum and testes, sequela (S30853S)","Superficial foreign body of scrotum and testes, sequela (S30853S)",,Diagnosis,N/A,,,,
,,ICD 10 - WHO:S30855A,"Superficial fb of unsp external genital organs, male, init (S30855A)","Superficial fb of unsp external genital organs, male, init (S30855A)",,Diagnosis,N/A,,,,
,,ICD 10 - WHO:S30855D,"Superficial fb of unsp external genital organs, male, subs (S30855D)","Superficial fb of unsp external genital organs, male, subs (S30855D)",,Diagnosis,N/A,,,,
,,ICD 10 - WHO:S30855S,"Superfic fb of unsp external genital organs, male, sequela (S30855S)","Superfic fb of unsp external genital organs, male, sequela (S30855S)",,Diagnosis,N/A,,,,
,,ICD 10 - WHO:S30862A,"Insect bite (nonvenomous) of penis, initial encounter (S30862A)","Insect bite (nonvenomous) of penis, initial encounter (S30862A)",,Diagnosis,N/A,,,,
,,ICD 10 - WHO:S30862D,"Insect bite (nonvenomous) of penis, subsequent encounter (S30862D)","Insect bite (nonvenomous) of penis, subsequent encounter (S30862D)",,Diagnosis,N/A,,,,
,,ICD 10 - WHO:S30862S,"Insect bite (nonvenomous) of penis, sequela (S30862S)","Insect bite (nonvenomous) of penis, sequela (S30862S)",,Diagnosis,N/A,,,,
,,ICD 10 - WHO:S30863A,"Insect bite (nonvenomous) of scrotum and testes, init encntr (S30863A)","Insect bite (nonvenomous) of scrotum and testes, init encntr (S30863A)",,Diagnosis,N/A,,,,
,,ICD 10 - WHO:S30863D,"Insect bite (nonvenomous) of scrotum and testes, subs encntr (S30863D)","Insect bite (nonvenomous) of scrotum and testes, subs encntr (S30863D)",,Diagnosis,N/A,,,,
,,ICD 10 - WHO:S30863S,"Insect bite (nonvenomous) of scrotum and testes, sequela (S30863S)","Insect bite (nonvenomous) of scrotum and testes, sequela (S30863S)",,Diagnosis,N/A,,,,
,,ICD 10 - WHO:S30865A,"Insect bite of unsp external genital organs, male, init (S30865A)","Insect bite of unsp external genital organs, male, init (S30865A)",,Diagnosis,N/A,,,,
,,ICD 10 - WHO:S30865D,"Insect bite of unsp external genital organs, male, subs (S30865D)","Insect bite of unsp external genital organs, male, subs (S30865D)",,Diagnosis,N/A,,,,
,,ICD 10 - WHO:S30865S,"Insect bite of unsp external genital organs, male, sequela (S30865S)","Insect bite of unsp external genital organs, male, sequela (S30865S)",,Diagnosis,N/A,,,,
,,ICD 10 - WHO:S30872A,"Other superficial bite of penis, initial encounter (S30872A)","Other superficial bite of penis, initial encounter (S30872A)",,Diagnosis,N/A,,,,
,,ICD 10 - WHO:S30872D,"Other superficial bite of penis, subsequent encounter (S30872D)","Other superficial bite of penis, subsequent encounter (S30872D)",,Diagnosis,N/A,,,,
,,ICD 10 - WHO:S30872S,"Other superficial bite of penis, sequela (S30872S)","Other superficial bite of penis, sequela (S30872S)",,Diagnosis,N/A,,,,
,,ICD 10 - WHO:S30873A,"Other superficial bite of scrotum and testes, init encntr (S30873A)","Other superficial bite of scrotum and testes, init encntr (S30873A)",,Diagnosis,N/A,,,,
,,ICD 10 - WHO:S30873D,"Other superficial bite of scrotum and testes, subs encntr (S30873D)","Other superficial bite of scrotum and testes, subs encntr (S30873D)",,Diagnosis,N/A,,,,
,,ICD 10 - WHO:S30873S,"Other superficial bite of scrotum and testes, sequela (S30873S)","Other superficial bite of scrotum and testes, sequela (S30873S)",,Diagnosis,N/A,,,,
,,ICD 10 - WHO:S30875A,"Oth superfic bite of unsp extrn genital organs, male, init (S30875A)","Oth superfic bite of unsp extrn genital organs, male, init (S30875A)",,Diagnosis,N/A,,,,
,,ICD 10 - WHO:S30875D,"Oth superfic bite of unsp extrn genital organs, male, subs (S30875D)","Oth superfic bite of unsp extrn genital organs, male, subs (S30875D)",,Diagnosis,N/A,,,,
,,ICD 10 - WHO:S30875S,"Oth superfic bite of unsp extrn gntl organs, male, sequela (S30875S)","Oth superfic bite of unsp extrn gntl organs, male, sequela (S30875S)",,Diagnosis,N/A,,,,
,,ICD 10 - WHO:S3093XA,"Unspecified superficial injury of penis, initial encounter (S3093XA)","Unspecified superficial injury of penis, initial encounter (S3093XA)",,Diagnosis,N/A,,,,
,,ICD 10 - WHO:S3093XD,"Unspecified superficial injury of penis, subs encntr (S3093XD)","Unspecified superficial injury of penis, subs encntr (S3093XD)",,Diagnosis,N/A,,,,
,,ICD 10 - WHO:S3093XS,"Unspecified superficial injury of penis, sequela (S3093XS)","Unspecified superficial injury of penis, sequela (S3093XS)",,Diagnosis,N/A,,,,
,,ICD 10 - WHO:S3094XA,"Unsp superficial injury of scrotum and testes, init encntr (S3094XA)","Unsp superficial injury of scrotum and testes, init encntr (S3094XA)",,Diagnosis,N/A,,,,
,,ICD 10 - WHO:S3094XD,"Unsp superficial injury of scrotum and testes, subs encntr (S3094XD)","Unsp superficial injury of scrotum and testes, subs encntr (S3094XD)",,Diagnosis,N/A,,,,
,,ICD 10 - WHO:S3094XS,"Unsp superficial injury of scrotum and testes, sequela (S3094XS)","Unsp superficial injury of scrotum and testes, sequela (S3094XS)",,Diagnosis,N/A,,,,
,,ICD 10 - WHO:S3096XA,"Unsp superfic inj unsp external genital organs, male, init (S3096XA)","Unsp superfic inj unsp external genital organs, male, init (S3096XA)",,Diagnosis,N/A,,,,
,,ICD 10 - WHO:S3096XD,"Unsp superfic inj unsp external genital organs, male, subs (S3096XD)","Unsp superfic inj unsp external genital organs, male, subs (S3096XD)",,Diagnosis,N/A,,,,
,,ICD 10 - WHO:S3096XS,"Unsp superfic inj unsp extrn genital organs, male, sequela (S3096XS)","Unsp superfic inj unsp extrn genital organs, male, sequela (S3096XS)",,Diagnosis,N/A,,,,
,,ICD 10 - WHO:S3120XA,"Unspecified open wound of penis, initial encounter (S3120XA)","Unspecified open wound of penis, initial encounter (S3120XA)",,Diagnosis,N/A,,,,
,,ICD 10 - WHO:S3120XD,"Unspecified open wound of penis, subsequent encounter (S3120XD)","Unspecified open wound of penis, subsequent encounter (S3120XD)",,Diagnosis,N/A,,,,
,,ICD 10 - WHO:S3120XS,"Unspecified open wound of penis, sequela (S3120XS)","Unspecified open wound of penis, sequela (S3120XS)",,Diagnosis,N/A,,,,
,,ICD 10 - WHO:S3121XA,"Laceration without foreign body of penis, initial encounter (S3121XA)","Laceration without foreign body of penis, initial encounter (S3121XA)",,Diagnosis,N/A,,,,
,,ICD 10 - WHO:S3121XD,"Laceration without foreign body of penis, subs encntr (S3121XD)","Laceration without foreign body of penis, subs encntr (S3121XD)",,Diagnosis,N/A,,,,
,,ICD 10 - WHO:S3121XS,"Laceration without foreign body of penis, sequela (S3121XS)","Laceration without foreign body of penis, sequela (S3121XS)",,Diagnosis,N/A,,,,
,,ICD 10 - WHO:S3122XA,"Laceration with foreign body of penis, initial encounter (S3122XA)","Laceration with foreign body of penis, initial encounter (S3122XA)",,Diagnosis,N/A,,,,
,,ICD 10 - WHO:S3122XD,"Laceration with foreign body of penis, subsequent encounter (S3122XD)","Laceration with foreign body of penis, subsequent encounter (S3122XD)",,Diagnosis,N/A,,,,
,,ICD 10 - WHO:S3122XS,"Laceration with foreign body of penis, sequela (S3122XS)","Laceration with foreign body of penis, sequela (S3122XS)",,Diagnosis,N/A,,,,
,,ICD 10 - WHO:S3123XA,"Puncture wound without foreign body of penis, init encntr (S3123XA)","Puncture wound without foreign body of penis, init encntr (S3123XA)",,Diagnosis,N/A,,,,
,,ICD 10 - WHO:S3123XD,"Puncture wound without foreign body of penis, subs encntr (S3123XD)","Puncture wound without foreign body of penis, subs encntr (S3123XD)",,Diagnosis,N/A,,,,
,,ICD 10 - WHO:S3123XS,"Puncture wound without foreign body of penis, sequela (S3123XS)","Puncture wound without foreign body of penis, sequela (S3123XS)",,Diagnosis,N/A,,,,
,,ICD 10 - WHO:S3124XA,"Puncture wound with foreign body of penis, initial encounter (S3124XA)","Puncture wound with foreign body of penis, initial encounter (S3124XA)",,Diagnosis,N/A,,,,
,,ICD 10 - WHO:S3124XD,"Puncture wound with foreign body of penis, subs encntr (S3124XD)","Puncture wound with foreign body of penis, subs encntr (S3124XD)",,Diagnosis,N/A,,,,
,,ICD 10 - WHO:S3124XS,"Puncture wound with foreign body of penis, sequela (S3124XS)","Puncture wound with foreign body of penis, sequela (S3124XS)",,Diagnosis,N/A,,,,
,,ICD 10 - WHO:S3125XA,"Open bite of penis, initial encounter (S3125XA)","Open bite of penis, initial encounter (S3125XA)",,Diagnosis,N/A,,,,
,,ICD 10 - WHO:S3125XD,"Open bite of penis, subsequent encounter (S3125XD)","Open bite of penis, subsequent encounter (S3125XD)",,Diagnosis,N/A,,,,
,,ICD 10 - WHO:S3125XS,"Open bite of penis, sequela (S3125XS)","Open bite of penis, sequela (S3125XS)",,Diagnosis,N/A,,,,
,,ICD 10 - WHO:S3130XA,"Unspecified open wound of scrotum and testes, init encntr (S3130XA)","Unspecified open wound of scrotum and testes, init encntr (S3130XA)",,Diagnosis,N/A,,,,
,,ICD 10 - WHO:S3130XD,"Unspecified open wound of scrotum and testes, subs encntr (S3130XD)","Unspecified open wound of scrotum and testes, subs encntr (S3130XD)",,Diagnosis,N/A,,,,
,,ICD 10 - WHO:S3130XS,"Unspecified open wound of scrotum and testes, sequela (S3130XS)","Unspecified open wound of scrotum and testes, sequela (S3130XS)",,Diagnosis,N/A,,,,
,,ICD 10 - WHO:S3131XA,"Laceration w/o foreign body of scrotum and testes, init (S3131XA)","Laceration w/o foreign body of scrotum and testes, init (S3131XA)",,Diagnosis,N/A,,,,
,,ICD 10 - WHO:S3131XD,"Laceration w/o foreign body of scrotum and testes, subs (S3131XD)","Laceration w/o foreign body of scrotum and testes, subs (S3131XD)",,Diagnosis,N/A,,,,