Bahrain,Southern,Aáli,746
Bahrain,Southern,Aáli,748
Bahrain,Southern,Al Door,965
Bahrain,Southern,Algainah,961
Bahrain,Southern,Al Hajyat,929
Bahrain,Southern,Al Hajyat,931
Bahrain,Southern,Al Hajyat,935
Bahrain,Southern,Al Hajyat,939
Bahrain,Southern,Al Hunaniya,901
Bahrain,Southern,Al Hunaniya,903
Bahrain,Southern,Al Jaseera,971
Bahrain,Southern,Al Mamtala,1099
Bahrain,Southern,Al Mazrooeeah,943
Bahrain,Southern,Al Moaaskar,949
Bahrain,Southern,Al Omar,988
Bahrain,Southern,Al Qarah,983
Bahrain,Southern,Al Qarah,987
Bahrain,Southern,Al Qareen,967
Bahrain,Southern,Al Rawdha,906
Bahrain,Southern,Al Rawdha,930
Bahrain,Southern,Al Riffah,947
Bahrain,Southern,Al Romaitha,995
Bahrain,Southern,Al Rumamin,981
Bahrain,Southern,Al Rumamin,982
Bahrain,Southern,Al Shabak,989
Bahrain,Southern,Askar,951
Bahrain,Southern,Awali,945
Bahrain,Southern,Awali,946
Bahrain,Southern,Belaj Al Jazair,1063
Bahrain,Southern,Belaj Al Jazair,1064
Bahrain,Southern,Bu Kuwarah,913
Bahrain,Southern,Bu Kuwarah,917
Bahrain,Southern,Bu Kuwarah,919
Bahrain,Southern,Bu Kuwarah,921
Bahrain,Southern,Bu Kuwarah,923
Bahrain,Southern,Bu Kuwarah,925
Bahrain,Southern,Bu Kuwarah,927
Bahrain,Southern,Dar Kulaib,1048
Bahrain,Southern,Durrat Al Bahrain,999
Bahrain,Southern,East Riffa,905
Bahrain,Southern,East Riffa,907
Bahrain,Southern,East Riffa,909
Bahrain,Southern,East Riffa,911
Bahrain,Southern,Hafeera,959
Bahrain,Southern,Hawrat Sanad,645
Bahrain,Southern,Hidd Al Jamal,973
Bahrain,Southern,Hlaitan,1067
Bahrain,Southern,Horat Anaqa,1062
Bahrain,Southern,Isa Town,801
Bahrain,Southern,Isa Town,802
Bahrain,Southern,Isa Town,803
Bahrain,Southern,Isa Town,804
Bahrain,Southern,Isa Town,805
Bahrain,Southern,Isa Town,806
Bahrain,Southern,Isa Town,807
Bahrain,Southern,Isa Town,808
Bahrain,Southern,Isa Town,809
Bahrain,Southern,Isa Town,810
Bahrain,Southern,Isa Town,812
Bahrain,Southern,Isa Town,813
Bahrain,Southern,Isa Town,814
Bahrain,Southern,Isa Town,840
Bahrain,Southern,Isa Town,841
Bahrain,Southern,Jari Al Shaikh,920
Bahrain,Southern,Jari Al Shaikh,924
Bahrain,Southern,Jari Al Shaikh,926
Bahrain,Southern,Jaw,957
Bahrain,Southern,Jaw,960
Bahrain,Southern,Jazaer Beach,1061
Bahrain,Southern,Juzur Al Dar,613
Bahrain,Southern,Lhassay,948
Bahrain,Southern,Maameer,635
Bahrain,Southern,Maameer,636
Bahrain,Southern,Mamlahat Al Mamtala,1069
Bahrain,Southern,Mamlahat Al Mamtala,1070
Bahrain,Southern,Mazraa,953
Bahrain,Southern,New districts,1101
Bahrain,Southern,New districts,1102
Bahrain,Southern,New districts,1103
Bahrain,Southern,New districts,1104
Bahrain,Southern,New districts,1106
Bahrain,Southern,New districts,1107
Bahrain,Southern,New districts,1108
Bahrain,Southern,New districts,1110
Bahrain,Southern,New districts,1111
Bahrain,Southern,New districts,1112
Bahrain,Southern,New districts,1113
Bahrain,Southern,New districts,918
Bahrain,Southern,New districts,932
Bahrain,Southern,New districts,944
Bahrain,Southern,New districts,950
Bahrain,Southern,New districts,955
Bahrain,Southern,Nuwaydirat,643
Bahrain,Southern,Nuwaydirat,646
Bahrain,Southern,Ras Abu Jarjor,954
Bahrain,Southern,Ras Hayan,958
Bahrain,Southern,Ras Zuwaid,952
Bahrain,Southern,Riffa / Albuhair,914
Bahrain,Southern,Riffa / Albuhair,915
Bahrain,Southern,Riffa / Albuhair,916
Bahrain,Southern,Riffa / Albuhair,922
Bahrain,Southern,Riffa / Albuhair,933
Bahrain,Southern,Riffa / Albuhair,934
Bahrain,Southern,Riffa / Albuhair,937
Bahrain,Southern,Riffa / Albuhair,941
Bahrain,Southern,Sukhair,976
Bahrain,Southern,Sukhair,985
Bahrain,Southern,Swayfra,942
Bahrain,Southern,Trafi,998
Bahrain,Southern,Um Albaidh,614
Bahrain,Southern,Um Albaidh,615
Bahrain,Southern,Um Albaidh,616
Bahrain,Southern,Um Jadir,986
Bahrain,Southern,Umm Jidr Al Summan,997
Bahrain,Southern,Wadi Ali,1068
Bahrain,Southern,Wadi Al Sale,928
Bahrain,Southern,West Riffa,902
Bahrain,Southern,West Riffa,904
Bahrain,Southern,West Riffa,908
Bahrain,Southern,West Riffa,910
Bahrain,Southern,West Riffa,912
Bahrain,Southern,Zallaq,1051
Bahrain,Southern,Zallaq,1052
Bahrain,Southern,Zallaq,1054
Bahrain,Southern,Zallaq,1055
Bahrain,Southern,Zallaq,1056
Bahrain,Southern,Zayed Town,718
Bahrain,Southern,Zayed Town,720
Bahrain,Northern,Aáli,732
Bahrain,Northern,Aáli,734
Bahrain,Northern,Aáli,736
Bahrain,Northern,Aáli,738
Bahrain,Northern,Aáli,740
Bahrain,Northern,Aáli,742
Bahrain,Northern,Aáli,744
Bahrain,Northern,Abu Saiba'a,469
Bahrain,Northern,Abu Saiba'a,471
Bahrain,Northern,Abu Saiba'a,473
Bahrain,Northern,Abu Saiba'a,475
Bahrain,Northern,Al Hajar,463
Bahrain,Northern,Al Hajar,465
Bahrain,Northern,Al Jasra,1001
Bahrain,Northern,Al Jasra,1002
Bahrain,Northern,Al Jasra,1003
Bahrain,Northern,Al Jasra,1004
Bahrain,Northern,Al Jasra,1006
Bahrain,Northern,Al Lawzi,1016
Bahrain,Northern,Al Lawzi,1018
Bahrain,Northern,Al Lawzi,1020
Bahrain,Northern,Al Muhamadyia,587
Bahrain,Northern,Al Shakhura,477
Bahrain,Northern,Al Shakhura,479
Bahrain,Northern,Al Shakhura,481
Bahrain,Northern,Bani Jamra,537
Bahrain,Northern,Bani Jamra,539
Bahrain,Northern,Bani Jamra,541
Bahrain,Northern,Bani Jamra,543
Bahrain,Northern,Barbar,518
Bahrain,Northern,Barbar,520
Bahrain,Northern,Barbar,522
Bahrain,Northern,Barbar,524
Bahrain,Northern,Barbar,526
Bahrain,Northern,Barbar,528
Bahrain,Northern,Barbar,530
Bahrain,Northern,Budaiya,550
Bahrain,Northern,Budaiya,552
Bahrain,Northern,Budaiya,553
Bahrain,Northern,Budaiya,555
Bahrain,Northern,Budaiya,557
Bahrain,Northern,Budaiya,559
Bahrain,Northern,Buqwa,455
Bahrain,Northern,Buqwa,457
Bahrain,Northern,Buri,752
Bahrain,Northern,Buri,754
Bahrain,Northern,Buri,756
Bahrain,Northern,Buri,758
Bahrain,Northern,Buri,760
Bahrain,Northern,Buri,762
Bahrain,Northern,Damistan,1017
Bahrain,Northern,Damistan,1019
Bahrain,Northern,Damistan,1022
Bahrain,Northern,Dar Kulaib,1046
Bahrain,Northern,Diraz,536
Bahrain,Northern,Diraz,538
Bahrain,Northern,Diraz,540
Bahrain,Northern,Diraz,542
Bahrain,Northern,Diraz,544
Bahrain,Northern,Hamad Town,1038
Bahrain,Northern,Hamad Town,1203
Bahrain,Northern,Hamad Town,1204
Bahrain,Northern,Hamad Town,1205
Bahrain,Northern,Hamad Town,1206
Bahrain,Northern,Hamad Town,1207
Bahrain,Northern,Hamad Town,1208
Bahrain,Northern,Hamad Town,1209
Bahrain,Northern,Hamad Town,1210
Bahrain,Northern,Hamad Town,1211
Bahrain,Northern,Hamad Town,1212
Bahrain,Northern,Hamad Town,1213
Bahrain,Northern,Hamad Town,1214
Bahrain,Northern,Hamad Town,1215
Bahrain,Northern,Hamad Town,1216
Bahrain,Northern,Hamala,1009
Bahrain,Northern,Hamala,1010
Bahrain,Northern,Hamala,1012
Bahrain,Northern,Hamala,1014
Bahrain,Northern,Hillat AbdulSaleh,444
Bahrain,Northern,Hoarat Aáli,714
Bahrain,Northern,Hoarat Aáli,730
Bahrain,Northern,Jabalt Hibshi,431
Bahrain,Northern,Jabalt Hibshi,433
Bahrain,Northern,Jabalt Hibshi,435
Bahrain,Northern,Janabiya,561
Bahrain,Northern,Janabiya,565
Bahrain,Northern,Janabiya,569
Bahrain,Northern,Janabiya,571
Bahrain,Northern,Janabiya,575
Bahrain,Northern,Janabiya,577
Bahrain,Northern,Janabiya,579
Bahrain,Northern,Jannusan,502
Bahrain,Northern,Jannusan,504
Bahrain,Northern,Jannusan,506
Bahrain,Northern,Jannusan,508
Bahrain,Northern,Jedah,591
Bahrain,Northern,Jind Al Haj,514
Bahrain,Northern,Karana,454
Bahrain,Northern,Karana,456
Bahrain,Northern,Karana,458
Bahrain,Northern,Karana,460
Bahrain,Northern,Karzakan,1025
Bahrain,Northern,Karzakan,1026
Bahrain,Northern,Karzakan,1027
Bahrain,Northern,Karzakan,1028
Bahrain,Northern,King Fahad Causway,1095
Bahrain,Northern,Magaba,505
Bahrain,Northern,Magaba,507
Bahrain,Northern,Magaba,509
Bahrain,Northern,Magaba,513
Bahrain,Northern,Malkiya,1032
Bahrain,Northern,Malkiya,1033
Bahrain,Northern,Malkiya,1034
Bahrain,Northern,Maqsha,450
Bahrain,Northern,Markh,529
Bahrain,Northern,Markh,531
Bahrain,Northern,Markh,533
Bahrain,Northern,New districts,1218
Bahrain,Northern,New districts,515
Bahrain,Northern,North City,532
Bahrain,Northern,North City,534
Bahrain,Northern,North City,535
Bahrain,Northern,Northern City,580
Bahrain,Northern,Northern City,581
Bahrain,Northern,Northern City,582
Bahrain,Northern,Northern City,583
Bahrain,Northern,Northern City,584
Bahrain,Northern,Northern City,585
Bahrain,Northern,Northern City,586
Bahrain,Northern,Northern City,588
Bahrain,Northern,Northern City,589
Bahrain,Northern,Northern City,590
Bahrain,Northern,Northern Sehla,439
Bahrain,Northern,Northern Sehla,441
Bahrain,Northern,Qadam,447
Bahrain,Northern,Qadam,449
Bahrain,Northern,Qadam,453
Bahrain,Northern,Quraya,545
Bahrain,Northern,Quraya,547
Bahrain,Northern,Quraya,549
Bahrain,Northern,Quraya,551
Bahrain,Northern,Saar,517
Bahrain,Northern,Saar,521
Bahrain,Northern,Saar,523
Bahrain,Northern,Saar,525
Bahrain,Northern,Saar,527
Bahrain,Northern,Sadaq,1037
Bahrain,Northern,Safriya,1041
Bahrain,Northern,Salmabad,702
Bahrain,Northern,Salmabad,704
Bahrain,Northern,Salmabad,706
Bahrain,Northern,Salmabad,708
Bahrain,Northern,Salmabad,712
Bahrain,Northern,Shahrakan,1042
Bahrain,Northern,Shahrakan,1044
Bahrain,Northern,Um Al Naasan,1089
Bahrain,Capital,Abu Al Aish,607
Bahrain,Capital,Abu Buham,367
Bahrain,Capital,Adhari,366
Bahrain,Capital,Adhari,369
Bahrain,Capital,Adliya,327
Bahrain,Capital,Adliya,336
Bahrain,Capital,Al Akr Al Sharqi,623
Bahrain,Capital,Al Belad Al Qadeem,361
Bahrain,Capital,Al Belad Al Qadeem,362
Bahrain,Capital,Al Belad Al Qadeem,363
Bahrain,Capital,Al Belad Al Qadeem,364
Bahrain,Capital,Alcornish,322
Bahrain,Capital,Al Fatih,324
Bahrain,Capital,Al Guraifa,342
Bahrain,Capital,Al Hamriya,611
Bahrain,Capital,Al Khamiss,365
Bahrain,Capital,Al Kharjiya,606
Bahrain,Capital,Alnaim,303
Bahrain,Capital,Alnaim,314
Bahrain,Capital,Al Nasfa,733
Bahrain,Capital,Alqalla,438
Bahrain,Capital,Alsalmaniya,309
Bahrain,Capital,Alsalmaniya,310
Bahrain,Capital,Alsalmaniya,311
Bahrain,Capital,Alsalmaniya,329
Bahrain,Capital,Alseef District,428
Bahrain,Capital,Alseef District,436
Bahrain,Capital,Al Suqayyah,328
Bahrain,Capital,Alsuwayfia,313
Bahrain,Capital,Alsuwayfia,351
Bahrain,Capital,Alsuwayfia,353
Bahrain,Capital,Alwajeha Albhariya,344
Bahrain,Capital,Alwajeha Albhariya,346
Bahrain,Capital,Bu Asheera,332
Bahrain,Capital,Bu Ghasal,373
Bahrain,Capital,Bu Ghazal,330
Bahrain,Capital,Bu Ghazal,331
Bahrain,Capital,Burhama,354
Bahrain,Capital,Burhama,357
Bahrain,Capital,Commercial Area,315
Bahrain,Capital,Commercial Area,316
Bahrain,Capital,Daih,412
Bahrain,Capital,Daih,414
Bahrain,Capital,Diplomatic Area,317
Bahrain,Capital,Gudaibiya,307
Bahrain,Capital,Gudaibiya,308
Bahrain,Capital,Gudaibiya,321
Bahrain,Capital,Gudaibiya,325
Bahrain,Capital,Gudaibiya,326
Bahrain,Capital,Gudaibiya,338
Bahrain,Capital,Hoora,318
Bahrain,Capital,Hoora,319
Bahrain,Capital,Hoora,320
Bahrain,Capital,Isa Town,815
Bahrain,Capital,Isa Town,816
Bahrain,Capital,Jid Ali,721
Bahrain,Capital,Jidhafs,419
Bahrain,Capital,Jidhafs,421
Bahrain,Capital,Jidhafs,422
Bahrain,Capital,Jidhafs,423
Bahrain,Capital,Jidhafs,424
Bahrain,Capital,Jidhafs,425
Bahrain,Capital,Jidhafs,426
Bahrain,Capital,Juffair,340
Bahrain,Capital,Juffair,341
Bahrain,Capital,Jurdab,729
Bahrain,Capital,Karbabad,430
Bahrain,Capital,Karbabad,432
Bahrain,Capital,Karbabad,434
Bahrain,Capital,Maameer,633
Bahrain,Capital,Maameer,634
Bahrain,Capital,Mahaza,602
Bahrain,Capital,Mahaza,603
Bahrain,Capital,Mahooz,334
Bahrain,Capital,Manama Center,323
Bahrain,Capital,Minaa Salman Industrial Area,343
Bahrain,Capital,Murgoban,605
Bahrain,Capital,Musala,411
Bahrain,Capital,Musala,413
Bahrain,Capital,Nahib Saleh,380
Bahrain,Capital,Nahib Saleh,381
Bahrain,Capital,Nahib Saleh,382
Bahrain,Capital,Nurana,592
Bahrain,Capital,Nuwaydirat,644
Bahrain,Capital,Qarya,604
Bahrain,Capital,Qufool,312
Bahrain,Capital,Ras Ruman,306
Bahrain,Capital,Salhiya,356
Bahrain,Capital,Sanabis,402
Bahrain,Capital,Sanabis,404
Bahrain,Capital,Sanabis,405
Bahrain,Capital,Sanabis,406
Bahrain,Capital,Sanabis,408
Bahrain,Capital,Sanabis,410
Bahrain,Capital,Sanad,743
Bahrain,Capital,Sanad,745
Bahrain,Capital,Sitra Industrial Area,601
Bahrain,Capital,Souq,301
Bahrain,Capital,Souq,302
Bahrain,Capital,Souq,304
Bahrain,Capital,Souq,305
Bahrain,Capital,Southern Sehla,368
Bahrain,Capital,Sufala,609
Bahrain,Capital,Tashan,407
Bahrain,Capital,Tubli,701
Bahrain,Capital,Tubli,705
Bahrain,Capital,Tubli,707
Bahrain,Capital,Tubli,709
Bahrain,Capital,Tubli,711
Bahrain,Capital,Um Albaidh,610
Bahrain,Capital,Um Alhassam,333
Bahrain,Capital,Um Alhassam,335
Bahrain,Capital,Um Alhassam,337
Bahrain,Capital,Um Alhassam,339
Bahrain,Capital,Wadyan,608
Bahrain,Capital,Western Aker,624
Bahrain,Capital,Western Aker,625
Bahrain,Capital,Western Aker,626
Bahrain,Capital,Zinj,358
Bahrain,Capital,Zinj,359
Bahrain,Capital,Zinj,360
Bahrain,Muharraq,Al Sayh,228
Bahrain,Muharraq,Al Sayh,229
Bahrain,Muharraq,Amwaj,257
Bahrain,Muharraq,Amwaj,258
Bahrain,Muharraq,Amwaj,263
Bahrain,Muharraq,Amwaj,264
Bahrain,Muharraq,Amwaj,265
Bahrain,Muharraq,Amwaj,266
Bahrain,Muharraq,Amwaj,269
Bahrain,Muharraq,Arad,240
Bahrain,Muharraq,Arad,241
Bahrain,Muharraq,Arad,242
Bahrain,Muharraq,Arad,243
Bahrain,Muharraq,Arad,244
Bahrain,Muharraq,Arad,245
Bahrain,Muharraq,Arad,246
Bahrain,Muharraq,Busaiteen,221
Bahrain,Muharraq,Busaiteen,222
Bahrain,Muharraq,Busaiteen,223
Bahrain,Muharraq,Busaiteen,225
Bahrain,Muharraq,Busaiteen,226
Bahrain,Muharraq,Busaiteen,227
Bahrain,Muharraq,Dair,231
Bahrain,Muharraq,Dair,232
Bahrain,Muharraq,Dair,233
Bahrain,Muharraq,Galali,251
Bahrain,Muharraq,Galali,252
Bahrain,Muharraq,Galali,253
Bahrain,Muharraq,Galali,254
Bahrain,Muharraq,Galali,255
Bahrain,Muharraq,Galali,256
Bahrain,Muharraq,Halat Alnaim,248
Bahrain,Muharraq,Halat Alsulta,247
Bahrain,Muharraq,Hidd,101
Bahrain,Muharraq,Hidd,102
Bahrain,Muharraq,Hidd,103
Bahrain,Muharraq,Hidd,104
Bahrain,Muharraq,Hidd,105
Bahrain,Muharraq,Hidd,106
Bahrain,Muharraq,Hidd,107
Bahrain,Muharraq,Hidd,108
Bahrain,Muharraq,Hidd,109
Bahrain,Muharraq,Hidd,110
Bahrain,Muharraq,Hidd,111
Bahrain,Muharraq,Hidd,112
Bahrain,Muharraq,Hidd,113
Bahrain,Muharraq,Hidd,115
Bahrain,Muharraq,Hidd,116
Bahrain,Muharraq,Hidd,117
Bahrain,Muharraq,Hidd,118
Bahrain,Muharraq,Hidd,119
Bahrain,Muharraq,Hidd,121
Bahrain,Muharraq,Hidd,128
Bahrain,Muharraq,Muharraq,202
Bahrain,Muharraq,Muharraq,203
Bahrain,Muharraq,Muharraq,204
Bahrain,Muharraq,Muharraq,205
Bahrain,Muharraq,Muharraq,206
Bahrain,Muharraq,Muharraq,207
Bahrain,Muharraq,Muharraq,208
Bahrain,Muharraq,Muharraq,209
Bahrain,Muharraq,Muharraq,210
Bahrain,Muharraq,Muharraq,211
Bahrain,Muharraq,Muharraq,212
Bahrain,Muharraq,Muharraq,213
Bahrain,Muharraq,Muharraq,214
Bahrain,Muharraq,Muharraq,215
Bahrain,Muharraq,Muharraq,216
Bahrain,Muharraq,Muharraq,217
Bahrain,Muharraq,Muharraq,224
Bahrain,Muharraq,Samaheej,234
Bahrain,Muharraq,Samaheej,235
Bahrain,Muharraq,Samaheej,236
Bahrain,Muharraq,Samaheej,237